name,url
狼群灬悦悦,http://mp.weixin.qq.com/profile?src=3&timestamp=1503284481&ver=1&signature=RQqQ2NYUCmcSbPFFg0c1kcD4gCzBjRmXtY-FEkX-JdM*4lZO4bY3KqToLPLPHbRVY00T-MnLKLAn1C9kt10idA==
神武2,http://mp.weixin.qq.com/profile?src=3&timestamp=1503284481&ver=1&signature=i4YCc6sm3uykz1ivVsFyRyVQ5WV0G-qaeAvsfvYLxPZp4fLEB5LhOBw7JHsGdlFU6EzSSqnye7qZeKqBuNQiuQ==
狗与爱的世界,http://mp.weixin.qq.com/profile?src=3&timestamp=1503284481&ver=1&signature=fQiCz0fa59OB5qMVPTRjp9OrKK39L8W8jW*ypNWocuzQ4O52NzCyrm641yYqwBpXs*mqUz-ZYGM84bqe-sPeAA==
神武2,http://mp.weixin.qq.com/profile?src=3&timestamp=1503284481&ver=1&signature=i4YCc6sm3uykz1ivVsFyRyVQ5WV0G-qaeAvsfvYLxPZp4fLEB5LhOBw7JHsGdlFU6EzSSqnye7qZeKqBuNQiuQ==
狼群灬悦悦,http://mp.weixin.qq.com/profile?src=3&timestamp=1503284481&ver=1&signature=RQqQ2NYUCmcSbPFFg0c1kcD4gCzBjRmXtY-FEkX-JdM*4lZO4bY3KqToLPLPHbRVY00T-MnLKLAn1C9kt10idA==
问道,http://mp.weixin.qq.com/profile?src=3&timestamp=1503284481&ver=1&signature=PXq6VvGM8O51eceydCuurw-HyB0X-jwYY7fJjjgRv78ii*cem3AMkbi19QiiB29mMtCmr4YsKkRF3oM0chS56w==
神武2手游,http://mp.weixin.qq.com/profile?src=3&timestamp=1503284481&ver=1&signature=LOQBGC0YV8xUk-9lV6*OZMNjn3EfhkDp*FAmN5gbvDA1zqDNHGPY-huWzUUyyGeDSSmQKp-6Xcd6*OzS4a5DPQ==
问道手游,http://mp.weixin.qq.com/profile?src=3&timestamp=1503284481&ver=1&signature=CYhXk3KvqKIU2yladNNLfX8qIrgLdAZq344qNVtjzKoW2kwsrXByX3ifZC9ZgBmKJUvn2wmibS6*rE6yiVcRWw==
红南京,http://mp.weixin.qq.com/profile?src=3&timestamp=1503284481&ver=1&signature=CsTkjmq6slsJSEdGaJ8q6Ldk-Z5-RoXs3vjtQnE0Bxun*h3x-QqBxa-9i94BbTJJ4QKLrX8FJvneWZ0rkscRWA==
大话铲屎,http://mp.weixin.qq.com/profile?src=3&timestamp=1503284481&ver=1&signature=6jwuhn8WN1epDUUlLwIaGCL77oMmlo-F1z-u0luxFTMNkHv5lQtgVXsYSmIWoMcEBsQkigwj2fvWtljXOEdJog==
六点半,http://mp.weixin.qq.com/profile?src=3&timestamp=1503284483&ver=1&signature=7JLxVE01hTW1I9pEYDuqovV8nsTXRk-S3NtfYqWWxsGuzmQ-avIEh7RwYio9rWujzKp5gPri7CoBsot0QBGQNw==
天天炫拍,http://mp.weixin.qq.com/profile?src=3&timestamp=1503284483&ver=1&signature=fTasCDyD4RkIPtgdXWMtNjiIyz3dVYIVj20RdIcUZDNIm1504x1wpL4g9p7QJTQjvLVMLjdwPWzrxm8UaHeKFQ==
冷笑话,http://mp.weixin.qq.com/profile?src=3&timestamp=1503284483&ver=1&signature=xz-P6UbrhpmAxZBY2joQqeBpFGDPnwDopxFP5ay-qpAJFaKiWUAu55el0vyEHD17NDWijKboDfIpylZtBmVMyg==
神武2,http://mp.weixin.qq.com/profile?src=3&timestamp=1503284483&ver=1&signature=i4YCc6sm3uykz1ivVsFyRyVQ5WV0G-qaeAvsfvYLxPZp4fLEB5LhOBw7JHsGdlFUZazh8Ir4fZfoqegzVkJ8ZQ==
神武2,http://mp.weixin.qq.com/profile?src=3&timestamp=1503284483&ver=1&signature=i4YCc6sm3uykz1ivVsFyRyVQ5WV0G-qaeAvsfvYLxPZp4fLEB5LhOBw7JHsGdlFUZazh8Ir4fZfoqegzVkJ8ZQ==
神武2,http://mp.weixin.qq.com/profile?src=3&timestamp=1503284483&ver=1&signature=i4YCc6sm3uykz1ivVsFyRyVQ5WV0G-qaeAvsfvYLxPZp4fLEB5LhOBw7JHsGdlFUZazh8Ir4fZfoqegzVkJ8ZQ==
狼群灬悦悦,http://mp.weixin.qq.com/profile?src=3&timestamp=1503284483&ver=1&signature=RQqQ2NYUCmcSbPFFg0c1kcD4gCzBjRmXtY-FEkX-JdM*4lZO4bY3KqToLPLPHbRVh9JGMaxO0bHPSDMJiEs1pA==
狼群灬悦悦,http://mp.weixin.qq.com/profile?src=3&timestamp=1503284483&ver=1&signature=RQqQ2NYUCmcSbPFFg0c1kcD4gCzBjRmXtY-FEkX-JdM*4lZO4bY3KqToLPLPHbRVh9JGMaxO0bHPSDMJiEs1pA==
神武2,http://mp.weixin.qq.com/profile?src=3&timestamp=1503284483&ver=1&signature=i4YCc6sm3uykz1ivVsFyRyVQ5WV0G-qaeAvsfvYLxPZp4fLEB5LhOBw7JHsGdlFUZazh8Ir4fZfoqegzVkJ8ZQ==
神武2,http://mp.weixin.qq.com/profile?src=3&timestamp=1503284483&ver=1&signature=i4YCc6sm3uykz1ivVsFyRyVQ5WV0G-qaeAvsfvYLxPZp4fLEB5LhOBw7JHsGdlFUZazh8Ir4fZfoqegzVkJ8ZQ==
狼群灬悦悦,http://mp.weixin.qq.com/profile?src=3&timestamp=1503284486&ver=1&signature=RQqQ2NYUCmcSbPFFg0c1kcD4gCzBjRmXtY-FEkX-JdM*4lZO4bY3KqToLPLPHbRVkQJIl*Lv*iSWQE3p68jz0Q==
冷笑话,http://mp.weixin.qq.com/profile?src=3&timestamp=1503284486&ver=1&signature=xz-P6UbrhpmAxZBY2joQqeBpFGDPnwDopxFP5ay-qpAJFaKiWUAu55el0vyEHD17osNdVPO1Ny0QBUoQnTfoCw==
冷笑话精选,http://mp.weixin.qq.com/profile?src=3&timestamp=1503284486&ver=1&signature=SD-2mbn0ipT01M4lNgV1PK3hrIEVRsRvJcUgSqyKWpbhsblFLLwf5fdZhmzMi6SsReOAAjdA4KyKP2DV28mxCA==
果子哥哥,http://mp.weixin.qq.com/profile?src=3&timestamp=1503284486&ver=1&signature=XI1J81WYiOHuWSmf4TU8Jkq6anadMzT8grKWIEBCzF-jOW-mA7QLc1cmM*xBZQ*nV7Teq470UL3DciYQauPAfQ==
学生安全教育平台,http://mp.weixin.qq.com/profile?src=3&timestamp=1503284486&ver=1&signature=Ce9LWkfEl1CLU6Qg8WaHfTNIWUFHuTdoUOwIIBQyeR24XQPwH5g6whFUHR3HibbywOGsYjsd6WFmE8rErT7mWw==
宗爸讲堂,http://mp.weixin.qq.com/profile?src=3&timestamp=1503284486&ver=1&signature=C54ZjoAsYrVGSg2zeIuGJw66Ko6e7IRAd4DDSPpNbwYObF5A9*aNKrTvUVT-VXk6X40YS9VwdADaLUovby9bIg==
神武2,http://mp.weixin.qq.com/profile?src=3&timestamp=1503284486&ver=1&signature=i4YCc6sm3uykz1ivVsFyRyVQ5WV0G-qaeAvsfvYLxPZp4fLEB5LhOBw7JHsGdlFUODsMBboi6SvMgTshnDF*6g==
网易梦幻西游手游,http://mp.weixin.qq.com/profile?src=3&timestamp=1503284486&ver=1&signature=0Sl2NjD5heNMyP10iuIBI9RdhFdvnWm5PJCPmElyj2unaK6C7VbhkoVsh4NuoZEkcjcuNJv2472Yi6QUyc-cjA==
网易梦幻西游手游,http://mp.weixin.qq.com/profile?src=3&timestamp=1503284486&ver=1&signature=0Sl2NjD5heNMyP10iuIBI9RdhFdvnWm5PJCPmElyj2unaK6C7VbhkoVsh4NuoZEkcjcuNJv2472Yi6QUyc-cjA==
冷笑话,http://mp.weixin.qq.com/profile?src=3&timestamp=1503284486&ver=1&signature=xz-P6UbrhpmAxZBY2joQqeBpFGDPnwDopxFP5ay-qpAJFaKiWUAu55el0vyEHD17osNdVPO1Ny0QBUoQnTfoCw==
英国那些事儿,http://mp.weixin.qq.com/profile?src=3&timestamp=1503284488&ver=1&signature=E0btDojaEsARFaJo0pl3yD9cLcLttn4CWIMCYR1wmO3zLSQRoG9jULatZUbjqayEGrG8kNvL2pSqNGYW0ILYfw==
狗粮专家,http://mp.weixin.qq.com/profile?src=3&timestamp=1503284488&ver=1&signature=H7uMXaWV74xaOvhGMmcTNXfVGKeQuqK4KkOt5SNWFRdq5xG3BUwp8FQ40JjednyjnxpWrvP9mPAUrs1gegn44g==
大话铲屎,http://mp.weixin.qq.com/profile?src=3&timestamp=1503284488&ver=1&signature=6jwuhn8WN1epDUUlLwIaGCL77oMmlo-F1z-u0luxFTMNkHv5lQtgVXsYSmIWoMcEvgNvbHt7ntezh6gfoG6-Dw==
微分享,http://mp.weixin.qq.com/profile?src=3&timestamp=1503284488&ver=1&signature=QDu*G7fJJYYuNzWiazobjQFeO6zlhiKDi05HN-g5KqLQrKjNeHMQnJHZ*kCIGGmwE3MDXPAqQfofWpNl96zM3A==
梦幻诛仙手游版,http://mp.weixin.qq.com/profile?src=3&timestamp=1503284488&ver=1&signature=2TyhOYmxB2Mo4T4ZA17ps1N5lq9odc4PNmUTbCl6olaB42hHqAwvTBowHy82fDeKb4pwdN244KaIZDvGQKQpAQ==
车图腾,http://mp.weixin.qq.com/profile?src=3&timestamp=1503284488&ver=1&signature=W6ZhuOhEa0XejHTsg14ekUlV70fPZw-Rf8*MXCFL4qmwP5Yev8t1-dArQADYl7l6GQKrddahjGAMDNY3pyByKQ==
剑网3,http://mp.weixin.qq.com/profile?src=3&timestamp=1503284488&ver=1&signature=rRjOi7SNO75vMBwvwTAiezGAyIJthIl2mp3G4XO8MwdxsnDueJU-brGWa1BGOvZxsWqkMKzEwfrExICJ0778iA==
大爱狗狗控,http://mp.weixin.qq.com/profile?src=3&timestamp=1503284488&ver=1&signature=EVKaUGJ2Qf3WM1vAtFE9OMuwgVaxcpr-AAXTbYsuBP69HDpaGwBaR0qPG93VQkPyg8u7tZCYI398cQ421X5J4g==
书单来了,http://mp.weixin.qq.com/profile?src=3&timestamp=1503284488&ver=1&signature=aEBPJNKl6szr7nzO1nDgAfFpPmA98cAjhsqHINY1QpFysN0cVPr0ATN2mXsA3ijyxX8OyExEtOgH3BGNdVB0JQ==
萌爪日记,http://mp.weixin.qq.com/profile?src=3&timestamp=1503284488&ver=1&signature=oZzHTVTkLC2k9LehSKrDw8eBEpjyOQsZ6ADkRJcEKovAynJqmVdKojJKUub3yqIpuxzX7rgLbvOO3Uqw1ecjFg==
狼群灬悦悦,http://mp.weixin.qq.com/profile?src=3&timestamp=1503284491&ver=1&signature=RQqQ2NYUCmcSbPFFg0c1kcD4gCzBjRmXtY-FEkX-JdM*4lZO4bY3KqToLPLPHbRVzw3ySsKt8uJXfsZoRquMWA==
今日热点聚焦,http://mp.weixin.qq.com/profile?src=3&timestamp=1503284491&ver=1&signature=KDLPmuWWspRLc5MVO*l91*7W0wuNhrLHcKRtyCZKXPFX6suCUAw88Y858EZr87GLP*O5bygl4nYesDFuu0lYow==
平民飞机,http://mp.weixin.qq.com/profile?src=3&timestamp=1503284491&ver=1&signature=OVekd47DUkoSLIY9cWatJ7R24jHtO*amZu1aq7ZdHeBwUUTdlD-8N5UJz2W0vgq8zr7omCnAjZzrr601zQJafA==
斜对面的老阳,http://mp.weixin.qq.com/profile?src=3&timestamp=1503284491&ver=1&signature=UL23W*v8wdyvivvhmfAGb2nSdUeaU-0jpoi1CBp3ixPwrqMY0mbU7eP6-uTWU9PFPyIN2MHM62XetXlOEYX2mg==
冷兔,http://mp.weixin.qq.com/profile?src=3&timestamp=1503284491&ver=1&signature=mRUtkUSD6JoL9Q7BjFM4u92aiXzK2xtmJ7YF5kcno1*ZSkbAFZDhS63BzTsWDGeLe1BSHcSIzK9iENYfKPOKxA==
大爱狗狗控,http://mp.weixin.qq.com/profile?src=3&timestamp=1503284491&ver=1&signature=EVKaUGJ2Qf3WM1vAtFE9OMuwgVaxcpr-AAXTbYsuBP69HDpaGwBaR0qPG93VQkPyjUSoCWBXQW*47BIMyK0QeA==
神武2,http://mp.weixin.qq.com/profile?src=3&timestamp=1503284491&ver=1&signature=i4YCc6sm3uykz1ivVsFyRyVQ5WV0G-qaeAvsfvYLxPZp4fLEB5LhOBw7JHsGdlFUF9FQEflCW-wK8Ocrc8-ApA==
寻仙手游,http://mp.weixin.qq.com/profile?src=3&timestamp=1503284491&ver=1&signature=24n7k-sr3UxYrCCHZlcrCka4Vvo6RSabVGuEzzDIkE8YU5SwbGJGr98x-Xr4nmR1X8gexmneSea6I5fB1KWtdQ==
互联网叫兽,http://mp.weixin.qq.com/profile?src=3&timestamp=1503284491&ver=1&signature=-iykxyjrwi2oH1qwc9yqwU6xlqBX-9GSjJhC4KvbrV9N-WHNSbIa3xkROb9B76N4X197wZ6s1B-C0pgkQOas6g==
不正常人类研究中心,http://mp.weixin.qq.com/profile?src=3&timestamp=1503284491&ver=1&signature=lD3RHT7sTe41HKEODY7bpOns2yOgTEbyI8P4fbrr7ZzfyEgezsYWPRDcRIWBuS94lf9SY4O09-ASvkemrI*bQQ==
冷笑话精选,http://mp.weixin.qq.com/profile?src=3&timestamp=1503284494&ver=1&signature=SD-2mbn0ipT01M4lNgV1PK3hrIEVRsRvJcUgSqyKWpbhsblFLLwf5fdZhmzMi6SsHK4twvXOsQpzE6zcJ4G4dA==
狗狗猫咪宠物控,http://mp.weixin.qq.com/profile?src=3&timestamp=1503284494&ver=1&signature=IyQpuN-du6mk9yVGW*c74xc5rdMbMxA4y9Flodc5HB*LvFvMN8M8gHoBdErIgq3QAw37U7fobU2hU0EBt6CRsg==
大爱萌狗控,http://mp.weixin.qq.com/profile?src=3&timestamp=1503284494&ver=1&signature=kbeYhCtfejfhD14N8PgItMs*ihxP0h-O8CgQk05NiLlX3Cs268wwP68Zvj7YkJ8A7J*3i2NmZPWtIvrnSAL2qQ==
冷笑话精选,http://mp.weixin.qq.com/profile?src=3&timestamp=1503284494&ver=1&signature=SD-2mbn0ipT01M4lNgV1PK3hrIEVRsRvJcUgSqyKWpbhsblFLLwf5fdZhmzMi6SsHK4twvXOsQpzE6zcJ4G4dA==
狗与爱的世界,http://mp.weixin.qq.com/profile?src=3&timestamp=1503284494&ver=1&signature=fQiCz0fa59OB5qMVPTRjp9OrKK39L8W8jW*ypNWocuzQ4O52NzCyrm641yYqwBpXN9Gj0ouI-inGKKUx3csY3w==
电商行业,http://mp.weixin.qq.com/profile?src=3&timestamp=1503284494&ver=1&signature=**h*2MFslPXkSgUls3O75lIwT17BC9pAviJm9wFiQgWXTdniawMBIRpNhUQNuNUwwYF3Y*mBd8jUp6yC4HSVtA==
酒鬼一家,http://mp.weixin.qq.com/profile?src=3&timestamp=1503284494&ver=1&signature=E5FXbgJQDAE8ePl6fbVsV*Mcl4yz-FBlMUuiyynJpcZQMnVhEj01wU9V*s-dFNkv7fuywO2PSPq4XOnvAq8YyA==
狗与爱的世界,http://mp.weixin.qq.com/profile?src=3&timestamp=1503284494&ver=1&signature=fQiCz0fa59OB5qMVPTRjp9OrKK39L8W8jW*ypNWocuzQ4O52NzCyrm641yYqwBpXN9Gj0ouI-inGKKUx3csY3w==
狗与爱的世界,http://mp.weixin.qq.com/profile?src=3&timestamp=1503284494&ver=1&signature=fQiCz0fa59OB5qMVPTRjp9OrKK39L8W8jW*ypNWocuzQ4O52NzCyrm641yYqwBpXN9Gj0ouI-inGKKUx3csY3w==
萌爪日记,http://mp.weixin.qq.com/profile?src=3&timestamp=1503284494&ver=1&signature=oZzHTVTkLC2k9LehSKrDw8eBEpjyOQsZ6ADkRJcEKovAynJqmVdKojJKUub3yqIpOPT77DODwXLwQHB2JsyhwA==
梦幻诛仙手游版,http://mp.weixin.qq.com/profile?src=3&timestamp=1503284495&ver=1&signature=2TyhOYmxB2Mo4T4ZA17ps1N5lq9odc4PNmUTbCl6olaB42hHqAwvTBowHy82fDeK0naEJ7uabqFMXoJmEcQqsw==
神武2,http://mp.weixin.qq.com/profile?src=3&timestamp=1503284495&ver=1&signature=i4YCc6sm3uykz1ivVsFyRyVQ5WV0G-qaeAvsfvYLxPZp4fLEB5LhOBw7JHsGdlFU-U1ti8qxKJKkRX8CPWUdLw==
冷兔,http://mp.weixin.qq.com/profile?src=3&timestamp=1503284495&ver=1&signature=mRUtkUSD6JoL9Q7BjFM4u92aiXzK2xtmJ7YF5kcno1*ZSkbAFZDhS63BzTsWDGeLzu7yEJwtU5hPtNsuuapOVg==
梦幻诛仙手游版,http://mp.weixin.qq.com/profile?src=3&timestamp=1503284495&ver=1&signature=2TyhOYmxB2Mo4T4ZA17ps1N5lq9odc4PNmUTbCl6olaB42hHqAwvTBowHy82fDeK0naEJ7uabqFMXoJmEcQqsw==
喵星人的喵星球,http://mp.weixin.qq.com/profile?src=3&timestamp=1503284495&ver=1&signature=RPZIS0UBn62c2EuXHJJkQRPvr-UJqhltrw0r9JGD-epMMWwL1m0FMhdpRbx*M84N5zjHtt2ig3BRn06xDKXGrQ==
狗与爱的世界,http://mp.weixin.qq.com/profile?src=3&timestamp=1503284495&ver=1&signature=fQiCz0fa59OB5qMVPTRjp9OrKK39L8W8jW*ypNWocuzQ4O52NzCyrm641yYqwBpXZCRnTHewYPjpJg54KU04ag==
爆笑gif图,http://mp.weixin.qq.com/profile?src=3&timestamp=1503284495&ver=1&signature=2JW1IwP6f2T3cS9RePOfWPRD28y45ZAlh0y5c4YCF*L7mbBs9jIe1vBXgvIBP0OAX3l066RP8oocPiCaBQcQ3g==
冷笑话,http://mp.weixin.qq.com/profile?src=3&timestamp=1503284495&ver=1&signature=xz-P6UbrhpmAxZBY2joQqeBpFGDPnwDopxFP5ay-qpAJFaKiWUAu55el0vyEHD17ExWtfblbsGquKy0Uqsj-Ow==
大爱萌狗控,http://mp.weixin.qq.com/profile?src=3&timestamp=1503284495&ver=1&signature=kbeYhCtfejfhD14N8PgItMs*ihxP0h-O8CgQk05NiLlX3Cs268wwP68Zvj7YkJ8AypISnCII8IElwJakLPF5Zw==
兔玩在线,http://mp.weixin.qq.com/profile?src=3&timestamp=1503284495&ver=1&signature=fejPo3gqCe*YtBsk8ZJTfmmD3sBtdLI3obE7aT05-8yXlaAgGdCpqJEWbQArhS3GVIiEdlz--KX-sY1zU8TI7A==
香河众恒传媒,http://mp.weixin.qq.com/profile?src=3&timestamp=1503284497&ver=1&signature=gBmdzl5s-AiVMkQKuU3RWJk1uQNvCGQVYH7DH6JvqU3NDmJSbfF0ZoytNZFHxsmNKdDlXnO*6mwPrIlEz8-HDQ==
网易梦幻西游手游,http://mp.weixin.qq.com/profile?src=3&timestamp=1503284497&ver=1&signature=0Sl2NjD5heNMyP10iuIBI9RdhFdvnWm5PJCPmElyj2unaK6C7VbhkoVsh4NuoZEkqT5li8xTKhP4DKEsl1KMkA==
问道手游,http://mp.weixin.qq.com/profile?src=3&timestamp=1503284497&ver=1&signature=CYhXk3KvqKIU2yladNNLfX8qIrgLdAZq344qNVtjzKoW2kwsrXByX3ifZC9ZgBmKY7dcmUwTetkC2QG*SMKJ5w==
颜品生活,http://mp.weixin.qq.com/profile?src=3&timestamp=1503284497&ver=1&signature=hAUueCiESt45zyYamKyFDTV3dCV*5tu0vnXE*VX-s6Y4QKP00LTdcuSYRQNuMF0CtQKyayzAdanOPY51ndIDEQ==
美食菜谱小羽私厨,http://mp.weixin.qq.com/profile?src=3&timestamp=1503284497&ver=1&signature=VlW0PuTrk1mdH4pxoF1ZZ-aaTR4uOsVD-bUca6bF32HQaFNZZzuPPV7k9--NUBa-PHdwhOfZ1lI6xcVqrqYp5w==
神武2手游,http://mp.weixin.qq.com/profile?src=3&timestamp=1503284497&ver=1&signature=LOQBGC0YV8xUk-9lV6*OZMNjn3EfhkDp*FAmN5gbvDA1zqDNHGPY-huWzUUyyGeDxNxETf2bVcr97sPkJAR07w==
湖心亭看雪客公众号,http://mp.weixin.qq.com/profile?src=3&timestamp=1503284497&ver=1&signature=fnoARRd7uajmi3E3zfBIZfodBvC17R0f0JyY5zUzoD165n-gJ9bDeqzrpeOy9LwOWXXpmqy7CJ3c7lXdGd6CCw==
全民突击,http://mp.weixin.qq.com/profile?src=3&timestamp=1503284497&ver=1&signature=OjM3Av1Rk3eVS6PbIHAXih7upVKodbLuf*Q13sHJh*Mh9PqneqhQVmUzPmkU1U*2fTwiKeDzdHARkBUF93CZWQ==
闹闹女巫店,http://mp.weixin.qq.com/profile?src=3&timestamp=1503284497&ver=1&signature=Uxx1Hmuc6pzKU3Vv5a0BF7npWUJm4oyN-M77dnasYCTLs4iZEoiz-FIDlOMzwRR075BhJwWuM4XQOONrsRjUMw==
酒鬼一家,http://mp.weixin.qq.com/profile?src=3&timestamp=1503284497&ver=1&signature=E5FXbgJQDAE8ePl6fbVsV*Mcl4yz-FBlMUuiyynJpcZQMnVhEj01wU9V*s-dFNkvfCmZ3N*PC9SVgplXQOEBkQ==
央视财经,http://mp.weixin.qq.com/profile?src=3&timestamp=1503284500&ver=1&signature=qlS8MxAXwMgZgo*N2ifiPJ3TxNU4u7yI3pfmGRooMHZ4YUcUjmJyphXU7DakCc*sUrpuRwMcKgyLuRpgEQaafw==
纹身大咖,http://mp.weixin.qq.com/profile?src=3&timestamp=1503284500&ver=1&signature=-2KFaIz-YTDoCFrA86h27vmhOwR7684ju6zMpG5OQdAyt5RoWExlz*KiJ4U*7pahdnMzddtjRq*LRFwgF4UOww==
大话铲屎,http://mp.weixin.qq.com/profile?src=3&timestamp=1503284500&ver=1&signature=6jwuhn8WN1epDUUlLwIaGCL77oMmlo-F1z-u0luxFTMNkHv5lQtgVXsYSmIWoMcEiTcLH0yrm7l6mxCDTVo6kw==
造物集爱多福,http://mp.weixin.qq.com/profile?src=3&timestamp=1503284500&ver=1&signature=pfLHkCf-bL*QZLV-qSf62ji0EYyVtj9ABByKFT3zIWNBYoqzZqnE2srwPh6o729uMwVxIxh*pBhC7899a9GrEQ==
网易梦幻西游手游,http://mp.weixin.qq.com/profile?src=3&timestamp=1503284500&ver=1&signature=0Sl2NjD5heNMyP10iuIBI9RdhFdvnWm5PJCPmElyj2unaK6C7VbhkoVsh4NuoZEkH1S6YDbOmlnunyDQJSbp0A==
香港八叔,http://mp.weixin.qq.com/profile?src=3&timestamp=1503284500&ver=1&signature=FordEQNCP*6Ritdzyq0r-mqi5dj*GeFbXZttrkxc0i-RpXJAizgCRxOyXWjdOJue233jVwrYnJ3shUiT49ZDYw==
宠物旅伴,http://mp.weixin.qq.com/profile?src=3&timestamp=1503284500&ver=1&signature=M1RxJMq3wt4y7lP7EcveP7i-zk3IIT-vpO79r-ZONtDCjpMq0fYuVf7pdIAXRIITvjAqCBvBR0QWZdege0p9Vg==
狗与爱的世界,http://mp.weixin.qq.com/profile?src=3&timestamp=1503284500&ver=1&signature=fQiCz0fa59OB5qMVPTRjp9OrKK39L8W8jW*ypNWocuzQ4O52NzCyrm641yYqwBpXGa0agCg6p8SCZH48lstvIw==
时尚COSMO,http://mp.weixin.qq.com/profile?src=3&timestamp=1503284500&ver=1&signature=plfvY-mGCw47lB5RJtIqko2nCBolDpJHpQukc0xrf8bkgGZbLpxS3U1XXA3eYznL6Ei1*EIaZgH37qX51yVdrQ==
HK娱乐圈,http://mp.weixin.qq.com/profile?src=3&timestamp=1503284500&ver=1&signature=ZAZGgEzc5r7leomTUQhuJ-ojrfwaSSQgqBv9r10jre8FzQHZsB-9ULgTq3GEWOcqsy38BZdoxzer6O34JtE-cA==
大爱狗狗控,http://mp.weixin.qq.com/profile?src=3&timestamp=1503284503&ver=1&signature=EVKaUGJ2Qf3WM1vAtFE9OMuwgVaxcpr-AAXTbYsuBP69HDpaGwBaR0qPG93VQkPyz3PJbGeXxBrKX-B3236B3w==
内涵段子,http://mp.weixin.qq.com/profile?src=3&timestamp=1503284503&ver=1&signature=CVIt88FW2zhB7F-vLKiKD7jZihSkAlXdz8k5xcSwSvixtYoK4-xEKHafLlUfepAqSaFXkZ-0gPpb7ifzF9vGaQ==
尸族,http://mp.weixin.qq.com/profile?src=3&timestamp=1503284503&ver=1&signature=LLP8j4MlculTdsBIJa1AWoLNZMt5I5S*4L45gjRATNXd5JbiSgZbYoUHlyLRNlCsCJNiXGAT4feSpmM*WhixLA==
坏男孩Lifestyle,http://mp.weixin.qq.com/profile?src=3&timestamp=1503284503&ver=1&signature=oI1polwS5FQHPZW36YZeXlFe-A87q7cbE5FcQR3aziDYQbzAmOaXSCGcGE8uV3rCwaf-G*FHn54uIiMnmpdAeg==
搞笑集中营,http://mp.weixin.qq.com/profile?src=3&timestamp=1503284503&ver=1&signature=-hGSypa4cAiLxdhOMIL*-A-Xi46eYYbhi6qj5JTZ1dXvxWZgdWtf*msWYbSuwNNO1NPbZAxXoY1GJa5nmFSWig==
大话铲屎,http://mp.weixin.qq.com/profile?src=3&timestamp=1503284503&ver=1&signature=6jwuhn8WN1epDUUlLwIaGCL77oMmlo-F1z-u0luxFTMNkHv5lQtgVXsYSmIWoMcEoq9hSii*ZLTSFH2sF5mf6A==
卡娃微卡,http://mp.weixin.qq.com/profile?src=3&timestamp=1503284503&ver=1&signature=tk1YOPoq-6ACCMZWQfSb5ivJx8zefDfcDOy8AD1ezn03Z5Y-2Mbajhvh42IIwRmPnrRbiHYk3jZ9BHLAcu75Vg==
天天炫斗,http://mp.weixin.qq.com/profile?src=3&timestamp=1503284503&ver=1&signature=ZoZmgc4mRZ6w1Ve85t15FXsyv8ZL3RHSr1XmnsDyhZBnc1M0mXJ*c4bHY3vvZlHU5FlwR4SEufO4TzwALRr2QA==
冷笑话,http://mp.weixin.qq.com/profile?src=3&timestamp=1503284503&ver=1&signature=xz-P6UbrhpmAxZBY2joQqeBpFGDPnwDopxFP5ay-qpAJFaKiWUAu55el0vyEHD17WMEI*7-mt5Wipgzr*lUdPg==
爆漫画,http://mp.weixin.qq.com/profile?src=3&timestamp=1503284503&ver=1&signature=CT-j65QN82DVvPW-pXjT*Bn32qp5mq8nahfAxXRUMo5nNRyGDPci0wwGA5Ayk92UvkA*EIb4yXlngM9MMqZYKA==
