{"name": "\u5357\u4eac\u5934\u6761", "url": "http://mp.weixin.qq.com/profile?src=3&timestamp=1502788470&ver=1&signature=Gh-T-0msiOTZRMh-i-F85rvuaFiXP5ht3mvmMOoFkbV8VEmTd0Zcd8do80KswxImUtAEo*mIA7cZHP9LIrBYdg=="}
{"name": "\u683c\u8c03\u8303", "url": "http://mp.weixin.qq.com/profile?src=3&timestamp=1502788470&ver=1&signature=*qP-3lAux74ZB6YWHplaqDBLtxVeM4DqQdGF-TF*r*H6cDgqr99rY8xZSEHZNqi9hlwFZySRB58svXCEXcIXnA=="}
{"name": "\u8682\u8702\u7a9d\u81ea\u7531\u884c", "url": "http://mp.weixin.qq.com/profile?src=3&timestamp=1502788470&ver=1&signature=b8jmoraO4Hh3qHaihxRK-QlNxISpBGcKziKgMqPyPVBvfomFgx3p2gMaAUiUAVS*q97XrgR2oFqhYX*RWnNQYw=="}
{"name": "\u9ed1\u9a6c\u516c\u793e", "url": "http://mp.weixin.qq.com/profile?src=3&timestamp=1502788470&ver=1&signature=bzaDSxSbsiNsXAKRGRoPipTaUGtwLU1h4Mk4*jZmlbh0mFGFWekHCaRK015IZAj*lnSKwJ6yKAHuARjLX32-hA=="}
{"name": "\u8682\u8702\u7a9d\u81ea\u7531\u884c", "url": "http://mp.weixin.qq.com/profile?src=3&timestamp=1502788470&ver=1&signature=b8jmoraO4Hh3qHaihxRK-QlNxISpBGcKziKgMqPyPVBvfomFgx3p2gMaAUiUAVS*q97XrgR2oFqhYX*RWnNQYw=="}
{"name": "\u82f1\u96c4\u5c0f\u52a9\u624b", "url": "http://mp.weixin.qq.com/profile?src=3&timestamp=1502788470&ver=1&signature=HXe-YyJGj-3h73Y1mrk5-qbsdt2Gj8zYlmDzI5UyClvs2dtsx6OURkL1tuYbP0sfgvdVA-vw2F*Ze3s-QLzRkw=="}
{"name": "Feekr\u65c5\u884c", "url": "http://mp.weixin.qq.com/profile?src=3&timestamp=1502788470&ver=1&signature=qA2ZeMRITKpk7ZxCap*EO6GgVxqdJ6YdZnHeIvwqVrcRzj3rCKCdSmTxZnIpDgleBVhUcSbuv9p8Y6WaiIwjMg=="}
{"name": "\u6696\u6696\u5988\u7231\u5206\u4eab", "url": "http://mp.weixin.qq.com/profile?src=3&timestamp=1502788470&ver=1&signature=1feRupuhv7fmLeXw87boC0hof3E57gLuFS0xDXR7kYG4WIO1kQwpSius69M0Mz*YzUer0xVlakeHAP7vA5qgdQ=="}
{"name": "\u6700\u7f8e\u5e94\u7528", "url": "http://mp.weixin.qq.com/profile?src=3&timestamp=1502788470&ver=1&signature=NqHOMwfBrFVDEPjF5aGtnDyJYnZF*9kCai0E8tbRlQZEBfUhT5tIqTzO2K6y64YFrQjcEgX5BV3WDjVEFuEbaQ=="}
{"name": "\u5929\u6d25\u5168\u63a5\u89e6", "url": "http://mp.weixin.qq.com/profile?src=3&timestamp=1502788470&ver=1&signature=YlubL39IzBy4tFxIGHeoAERaSFxgl3q-AfLrDjJg1rfAu1UJr1KyBcrUwzs0RB6TlCbIWgEui4n2Mpt*zvKqyw=="}
{"name": "\u6df1\u5733\u6d3b\u52a8\u7f51", "url": "http://mp.weixin.qq.com/profile?src=3&timestamp=1502788477&ver=1&signature=d-TYe6GqS3sFuG7Z4T8A*UWXZyEg8HFgp8cok1H7U*WqGc43UR7n9ySgORkwLu6db3m4btPSSNHRuFt2YWvmOQ=="}
{"name": "\u6587\u6c34\u751f\u6d3b\u8d44\u8baf", "url": "http://mp.weixin.qq.com/profile?src=3&timestamp=1502788477&ver=1&signature=xfgDlztkXxvx5W2R*nabmpmTtYxUgikNvaQiNf2Exz2iEjw2eu5nDQB7ZyLSZR8kKG0Gi3sPo4P8kty3N7K4cw=="}
{"name": "\u4e07\u9898\u5e93\u516c\u52a1\u5458\u8003\u8bd5", "url": "http://mp.weixin.qq.com/profile?src=3&timestamp=1502788477&ver=1&signature=RhsmlIVa1qhFLhlafUKlY6b90oFsHuWnGwKdBp4SDvV0kbiEk9wLqlBLimdWRteKZ4Sloz8yyLLb3h*LifBLdA=="}
{"name": "\u5a74\u552f\u68c9\u5b9d\u5b9d\u8863\u670d", "url": "http://mp.weixin.qq.com/profile?src=3&timestamp=1502788477&ver=1&signature=Ioozp66J5GSjOkjnVABf-RajdsvAAKmrGH-eBWYxkmD53s05dCZNzUR0am3VJMiNuOSM*8-AoM1WAahgUPFFKA=="}
{"name": "\u5cf0\u4efb\u8d44\u6e90\u5206\u4eab", "url": "http://mp.weixin.qq.com/profile?src=3&timestamp=1502788477&ver=1&signature=6hZUYtBdnXiXoa-12ddAlvIffRcV4aLLAzh9Oc*zAz1cjlV15i0koiKEO-*69HnZiLyP0LiSEyN*HorOhr3PlQ=="}
{"name": "\u4e1c\u839e\u4e09\u76ca", "url": "http://mp.weixin.qq.com/profile?src=3&timestamp=1502788477&ver=1&signature=s2-zPbInOpwteSne2pmAtWRVBFEi1Jw3wSp1fzOBnPQ00bLJforit2TdjBDLTEnscH69mFeEln6tDEKAnsJo-A=="}
{"name": "\u5609\u5174\u79be\u7f8e\u533b\u7597\u7f8e\u5bb9\u533b\u9662", "url": "http://mp.weixin.qq.com/profile?src=3&timestamp=1502788477&ver=1&signature=UxqcHPQXWw60B9eQEPZHw7c8NCGqLPrNK8E2Bgbc0kwaSmgiQFGogOStXc2IwiNovNmI869ajVweTPGn4XlaDQ=="}
{"name": "\u7eff\u6d32\u519c\u4e8b", "url": "http://mp.weixin.qq.com/profile?src=3&timestamp=1502788477&ver=1&signature=h86wyqq5VzXXhu9clKSfsNS*3W6MF99JMMMPrjso8DIvlpr--Zi1C6Hm5TBSPyOtW*cxbErpmzUBlaz1zOoi1w=="}
{"name": "\u9152\u5e97\u8bbe\u8ba1", "url": "http://mp.weixin.qq.com/profile?src=3&timestamp=1502788477&ver=1&signature=dLr4VsMtRIx5J6BohICqT5wMHBz8xlVCt-Q0z5jCn7pL651oz7IZrzp29bc1FxcNyFsQRNyj1r-u0btAI1qYzw=="}
{"name": "\u5c45\u6e38\u60e0", "url": "http://mp.weixin.qq.com/profile?src=3&timestamp=1502788477&ver=1&signature=5oeDzN4*Eb*1ZLcnVkvTARo7EvqUVbdySiZds0Tlo1zuz5OnZJ6dkGyDQzA5ZhvMeLwtWrZZts07gpOocYixFw=="}
{"name": "\u957f\u6625\u79fb\u52a8", "url": "http://mp.weixin.qq.com/profile?src=3&timestamp=1502788484&ver=1&signature=4I1Ugf2VJuz5bB8idvd-99PXc9uSJ541PvGOiogtYXbvgvSF1ZSZzgi8ciTRUR9tKnjDgVJdaucK5gTae6XBSQ=="}
{"name": "\u957f\u6625\u79fb\u52a8", "url": "http://mp.weixin.qq.com/profile?src=3&timestamp=1502788484&ver=1&signature=4I1Ugf2VJuz5bB8idvd-99PXc9uSJ541PvGOiogtYXbvgvSF1ZSZzgi8ciTRUR9tKnjDgVJdaucK5gTae6XBSQ=="}
{"name": "\u4e2d\u536b\u5929\u5929\u7f51", "url": "http://mp.weixin.qq.com/profile?src=3&timestamp=1502788484&ver=1&signature=JHOOmS0x8KEzvqpt6YC80FdD3QLaOu*2fpLMx0TnCRguufBQUsON*g7eyG2vv4C2cFX9b7PS9SyQgBQJ2FfuHw=="}
{"name": "\u5ffb\u5dde\u79fb\u52a8", "url": "http://mp.weixin.qq.com/profile?src=3&timestamp=1502788484&ver=1&signature=QZeRUCl6X7n2Ckan5712GGO8hpdpZssVBlMasQhqdB7YWbEA3egAiBJ7Dtcgk4l2SZ8EK532*LJJ5zdAD-uFtw=="}
{"name": "\u54a9\u54a9\u8d2d\u8ba2\u9605\u53f7", "url": "http://mp.weixin.qq.com/profile?src=3&timestamp=1502788484&ver=1&signature=ioh-xmEgi*SsRuaT0TbZxGxHljmpce2LbBTbfvfZThn-YWlrDJ1jdUtt0f0-yqNm1oKeY9HAOgfF06Ydt1IdSA=="}
{"name": "\u753b\u76ae\u7f51", "url": "http://mp.weixin.qq.com/profile?src=3&timestamp=1502788484&ver=1&signature=YBbmV6p2jcbrXrfY0mc8BBrPZrAcr40psDc8z-KpYdAc5e7J2H-doXSx37cUlaG0zKFKhJnwb-PG0trYe1s5Nw=="}
{"name": "\u4eac\u4e1c\u79d2\u6740", "url": "http://mp.weixin.qq.com/profile?src=3&timestamp=1502788484&ver=1&signature=WJMmmOktv-yR4ivSVsORzY9ASHTB6Iz4poV*x7C7e8LthWOLqQTTURJlHpBg0e75t-WezgsV3TBKHaVPh968kg=="}
{"name": "\u83b2\u946b\u5fae\u5e73\u53f0", "url": "http://mp.weixin.qq.com/profile?src=3&timestamp=1502788484&ver=1&signature=v0TJwWrZXnJbvXYh-VOizcf2m9y5O2XoVxyqR9p0gNazaTlxqApAm0Ymiq2wbPfvLAcxMWC65CxD5Yae1zGgWA=="}
{"name": "\u897f\u5b89\u5988\u5988\u7f51", "url": "http://mp.weixin.qq.com/profile?src=3&timestamp=1502788484&ver=1&signature=130*As*YLBBkU-Iwb4NP2UwitiZTRgvWhmbURd4nNkSuujusr8tRQDACfgonBHW8hPWUEbUO3qIZUReIeoO4dA=="}
{"name": "\u60e0\u73a9\u5bb6", "url": "http://mp.weixin.qq.com/profile?src=3&timestamp=1502788491&ver=1&signature=HrCTP34BAOvdbUqz5x8C300-FJI8BnzzZMRGynQ6gO-u4S3i6eCOchsBH1jgFF1z53DZxzUQ7-RiTCGYMNt*0Q=="}
{"name": "\u5927\u5c0f\u7231\u73a9", "url": "http://mp.weixin.qq.com/profile?src=3&timestamp=1502788491&ver=1&signature=iaqUF5jfXEr3ImEau4lN-1UBd1TGMjBvam3ho3gyY-UhOHBu1f1LzAOM0gLqaHSogswC-72RIx8W7C3mk*hiMA=="}
{"name": "\u4e16\u7eaa\u5510\u4eba\u8d2d\u7269\u516c\u56ed", "url": "http://mp.weixin.qq.com/profile?src=3&timestamp=1502788491&ver=1&signature=wtasynI6eq23kYDxqO0JwQDTaUOkvVAUxxjuI2DBjmktDMN0TodypSD64dHq-6m5*-C8PXTe7ujn6H6PU54O*Q=="}
{"name": "\u82cf\u7ee3\u7f51", "url": "http://mp.weixin.qq.com/profile?src=3&timestamp=1502788491&ver=1&signature=2r55EeU6mcA9to9nhrZiiTUaOgLFkxmdmWCmOAGvpSBf87vqKhqVoRoC32Jz5QMNLYADl6ZsLp5DZwaF2jbbNA=="}
{"name": "\u5a74\u5e7c\u513f\u767e\u79d1", "url": "http://mp.weixin.qq.com/profile?src=3&timestamp=1502788491&ver=1&signature=osuEeV*h*WvsdljDaYURRfU0TNKyOUezUhmhb8APNGHFM*4YWDMCll2CJpKNMpv1L0p*4HHWghd10-YwJVULSg=="}
{"name": "\u6e56\u5317\u5e7f\u7535\u7f8e\u5609\u8d2d\u7269", "url": "http://mp.weixin.qq.com/profile?src=3&timestamp=1502788491&ver=1&signature=jSVtAf70ai6KIz*bVraHU0k*kmHcPZxO6gditRlofbNVBphhlk6sR0-Iv1m77u7*p6AQ59nZaRb-Bdjj76mvhg=="}
{"name": "\u4e30\u6536\u8461\u8404\u9152", "url": "http://mp.weixin.qq.com/profile?src=3&timestamp=1502788491&ver=1&signature=hA3nsDmiPT4-GkYYLjhx*2dgwP5bWuw7g9qR0cnItyewbR3bMSc293wwf*aQ2g7raoPogwO1v-XYFLRsHkSE1A=="}
{"name": "\u6c49\u4e2d\u683c\u4e4b\u767e\u8d27", "url": "http://mp.weixin.qq.com/profile?src=3&timestamp=1502788491&ver=1&signature=v-wohPXxRcIXCspHE52q2kdZoEkxXguAUYT-anY0BvB45Zp41ZB1MnbklnLB0t3iKmb9zkEZ5i4RgMLRDo7NwQ=="}
{"name": "\u6b27\u5c1a\u8d85\u5e02\u6c5f\u5b81\u5e97", "url": "http://mp.weixin.qq.com/profile?src=3&timestamp=1502788491&ver=1&signature=FgShK*fIatZqKOv5p1jr5boe9YUUKS9-5fqhfr2xu*TJ6f-J2AT8fTLgpr8UEu5wDdafn0-dmh*3Em2qQeWtNQ=="}
{"name": "Kidsroom\u670d\u52a1\u53f7", "url": "http://mp.weixin.qq.com/profile?src=3&timestamp=1502788491&ver=1&signature=VBMR44ji5tiAdRvJNcJ9AD3SNOmlus*rEB23pFkGnkEgnDewkrrrH2gCRj*5*LihVpvEvpic6*BHJsfck7GQOQ=="}
{"name": "DeepTech\u6df1\u79d1\u6280", "url": "http://mp.weixin.qq.com/profile?src=3&timestamp=1502788497&ver=1&signature=BmcyZ1zwl0zqDdhbAmk4lRYwlfEba9wJyP6r6JLTXCZoI9Uiz0HDNxO0Jk3SlZ*PlZ5RXRIVVtnFXAsaMa3jBQ=="}
{"name": "\u534e\u56fe\u6559\u80b2", "url": "http://mp.weixin.qq.com/profile?src=3&timestamp=1502788497&ver=1&signature=dzMauOtPHQBqQEC*Wm5qdrGwuyN6Z5RLw-oR7kF5zGrM8iZE2W1HFdvH853vDrt49ACE7q2SddPRqVbHwgI*fQ=="}
{"name": "\u7cbe\u5f69\u82cf\u5dde", "url": "http://mp.weixin.qq.com/profile?src=3&timestamp=1502788497&ver=1&signature=wd-EZllXLlNNUav9FR1dhkv2I5MSVGW*ONC*nh44dvNTp514MHKgkR4DsFULiigK9UqEYEACXjLhOMKrGZqWbw=="}
{"name": "\u6559\u60a8\u4e00\u8d77\u8df3\u5e7f\u573a\u821e", "url": "http://mp.weixin.qq.com/profile?src=3&timestamp=1502788497&ver=1&signature=VMjKe89MBzD4XrHUpxCvnuRxcz-bxbdx4cAnmaz2OxVAe8BI9evcG9t5Em1dElrZ55VCdYoUKC0GtKr3U6rewA=="}
{"name": "FLIGHTCLUB\u4e2d\u6587\u7ad9", "url": "http://mp.weixin.qq.com/profile?src=3&timestamp=1502788497&ver=1&signature=qXZ0OPIUZ7WDt8tiMTMD6I4PXPOHp4tbRJReyIDEk5VmUoZ99Z96rCZP0BFPIBfJKuJn5KqEZ*XOc8qN22oUpA=="}
{"name": "\u8bbe\u8ba1\u90a6", "url": "http://mp.weixin.qq.com/profile?src=3&timestamp=1502788497&ver=1&signature=h9G9tzsryq4cqHognCZ2aUkEfGMWcJuLsXYd8hGRFN8vFSaFC8rOINxE9MY8C6et8KYNXQQjI94oqIlFOd-LdA=="}
{"name": "\u96f6\u70b9\u97f3\u4e50", "url": "http://mp.weixin.qq.com/profile?src=3&timestamp=1502788497&ver=1&signature=HxdQAqc7fNkbP*qZbKczACvWSOEGPgZ-eVLTqds10AT6TbPfbPPTeR6kqt2kkPHXyiZb7F13JMR1BYURsF59ww=="}
{"name": "\u673a\u68b0\u524d\u7ebf", "url": "http://mp.weixin.qq.com/profile?src=3&timestamp=1502788497&ver=1&signature=XHArw5wlbYBOXQtYi*vLo8ESdgm0yyKmt6szPVVSyX0rj2gHoLzQU6BtnzaQh-*f5IDhk2RNmI7BHgpLNuSkDw=="}
{"name": "\u4eca\u65e5\u70ed\u95e8\u63a8\u8350", "url": "http://mp.weixin.qq.com/profile?src=3&timestamp=1502788497&ver=1&signature=qTwyEq2JHsxjLC4unj4aJK48wiHEDM5*Vgc2shUl2r86AnJkngiYmSJjLhkCUh2vPIhbj9XoYF6G4vF9AX4xlg=="}
{"name": "\u9526\u6587\u5c0f\u8bf4", "url": "http://mp.weixin.qq.com/profile?src=3&timestamp=1502788497&ver=1&signature=J2tUuby79-UPtUxpF6vvYeZ4Y6jBT5s9IISBAJla5uBz-St9-XoQNp*nb7k-AKnoEYBLEh7skXVeYG*OaOvg5A=="}
{"name": "\u6148\u6000\u8bfb\u4e66\u4f1a", "url": "http://mp.weixin.qq.com/profile?src=3&timestamp=1502788504&ver=1&signature=eciul*zrUbdmia*61iiceV8Liwfcm7KgmQ5HYW1ImuQC-XAv0ssRWq3gx0-WvTd5FZGkJAWdfUQ7IrTQYtnCRQ=="}
{"name": "\u6c34\u6728\u6587\u6458", "url": "http://mp.weixin.qq.com/profile?src=3&timestamp=1502788504&ver=1&signature=EiZ6oQO0cNJpFoX8HJeqHXYRbKkWYOvuvZJmQJ17H6sy3DiN6o*bYc06gCBRJaXCSabB1gqRE4HwrqkKvS6lLQ=="}
{"name": "\u6c7d\u8f66\u6d88\u8d39\u7f51", "url": "http://mp.weixin.qq.com/profile?src=3&timestamp=1502788504&ver=1&signature=XtrWHXwmyxL9LSeOAFCc8JBRFBT19rrRK2EAovCbGQNayPpoijCZXjbwevRt0ZJjmEt8wwfyKtgyhQgRJKRZYA=="}
{"name": "\u828d\u836f\u59d1\u5a18", "url": "http://mp.weixin.qq.com/profile?src=3&timestamp=1502788504&ver=1&signature=co*xsV5xWDPBh1rruhKDWFSnY4En-cEYGUEdPNpSEnggq6Cwo5wtA2XoxSzOaKCRZLyjgtV0rSo9ufFUCjeXYA=="}
{"name": "\u5e7f\u5dde\u767e\u4e8b\u901a", "url": "http://mp.weixin.qq.com/profile?src=3&timestamp=1502788504&ver=1&signature=BpTMpaH0dpDS8vXmXhqBAX4Pk-otuzPBRyIyaERBsZtOHcPGqkc-xjcumIXEYdH8lP-0ypW6E3zMoGACxGwjVw=="}
{"name": "\u5409\u5229\u6c7d\u8f66", "url": "http://mp.weixin.qq.com/profile?src=3&timestamp=1502788504&ver=1&signature=sTX0k5cLcKK63Jcs7sFT0TzZ0ndQgWKT8*USejG9FWaDxeS21X7RbzHejACRFzzJ6yYHXrean9oxeU0gqGWhnw=="}
{"name": "\u5e7d\u9ed8\u7b11\u8bdd\u767e\u79d1", "url": "http://mp.weixin.qq.com/profile?src=3&timestamp=1502788504&ver=1&signature=N0ZvumS-Wt4rQfZ52HAHSPPOllPpa9WuEEQtCALpAZh1iLn4W8IYi9Zs5JEBf4BSY556SM6sdRSzKXcSXKym9w=="}
{"name": "\u897f\u5b89\u6251\u901a", "url": "http://mp.weixin.qq.com/profile?src=3&timestamp=1502788504&ver=1&signature=uNYODL07yh66rgPzR4kig9hoC5Cw1-29al-*uAoqDgs3VatX34vZ-ds4sgYcoRcvr457xoDmX4tSoqK3aEZG2A=="}
{"name": "\u94f6\u6cf0\u676d\u5dde\u6b66\u6797\u603b\u5e97", "url": "http://mp.weixin.qq.com/profile?src=3&timestamp=1502788504&ver=1&signature=*4eDVLym*2oPjiuUoxKfHAtNriEd7pEzfXps7Uc4eTC9krcqH7MQGTqMdNkTlYFz-fF1owc8VzC5xggTi4YiXA=="}
{"name": "\u683c\u6597\u76df", "url": "http://mp.weixin.qq.com/profile?src=3&timestamp=1502788504&ver=1&signature=kaqn3VYBraKPZKTJWdDWq6BLcXjdx0Ul6JuhVTSuC103TkM8L1*BeC6EZXLmcDFrpa5F3PwfnrZ5zd-guVLcjw=="}
{"name": "\u5a31\u4e50\u661f\u6252\u76ae", "url": "http://mp.weixin.qq.com/profile?src=3&timestamp=1502788511&ver=1&signature=49rV9A-nKGikUNu4HK-KXD2nxFxBgzW67DO5dnVgfXFmzqDGa*JelBEO7i5mZXPS4STcKz4AkoWVa*HnFyb-5Q=="}
{"name": "\u8d35\u5dde\u536b\u89c6", "url": "http://mp.weixin.qq.com/profile?src=3&timestamp=1502788511&ver=1&signature=yQ4Q1Mbzt9AmVb-b5DBPuTXmXl0o2D4ALTxR0294JzgcFfVuAA9rALWez3GjMducuV1SLgANwI9J3nsh4bXMnw=="}
{"name": "\u957f\u6625\u79fb\u52a8", "url": "http://mp.weixin.qq.com/profile?src=3&timestamp=1502788511&ver=1&signature=4I1Ugf2VJuz5bB8idvd-99PXc9uSJ541PvGOiogtYXbvgvSF1ZSZzgi8ciTRUR9tMfE8RyIgpGfPz0Dr0DUpKw=="}
{"name": "\u6d77\u8d3c\u738b", "url": "http://mp.weixin.qq.com/profile?src=3&timestamp=1502788511&ver=1&signature=2hErz-7qfePiDvUvlC-zvUKRonjVCFe9cj3gy8YoqzDL*Gqq5ghLNkqgh88mgQDIoAPeo*ZEqgbi3NWjkC8KJg=="}
{"name": "100\u79d2\u79c1\u587e", "url": "http://mp.weixin.qq.com/profile?src=3&timestamp=1502788511&ver=1&signature=CB3Oaf-Gcwna-UW00V26Hi-IeueGUXFGMaOzIPc4nNjA3UQy-Ngv08is8H21pZhUZ2vOjZ0BSfQ7CVKlPYOOjw=="}
{"name": "\u4e8c\u8d27\u6751", "url": "http://mp.weixin.qq.com/profile?src=3&timestamp=1502788511&ver=1&signature=SB3fsvZ3-*EoVoxNKs2WKHkUHzNzVKTKFofDx1ru7qF67OdV3UET73N*1z8s8M4UvbpSg34B64s3VmTQmNoWWw=="}
{"name": "\u7ca4\u84b2\u7ca4\u641e\u5622", "url": "http://mp.weixin.qq.com/profile?src=3&timestamp=1502788511&ver=1&signature=tr8Nlspq5K8LFfNcITfRw-pRnR0vh3f09vQD10s5idpdtRyI3CN*PlqN9T2gsY4St4B6cnqHjWCcf-*vyMvAtQ=="}
{"name": "KK\u79c1\u4eab\u4f1a", "url": "http://mp.weixin.qq.com/profile?src=3&timestamp=1502788511&ver=1&signature=p3*OAgwFaz*F3HzRi*xhZ8WftZMtBL5kp9R5EDqlUi1ni1U5*bTN7eYnMjkoXXKO4bXYjYXovaEl9O8H*q8LBA=="}
{"name": "IT\u89c2\u5bdf\u733f", "url": "http://mp.weixin.qq.com/profile?src=3&timestamp=1502788511&ver=1&signature=Ys9IhcQomPA7C4CMRDCGk4OyHGbAYEeISwVZkvwS9nGd3n-36EFfgsH2WtOgNAHUr2S5ExKl3jDeDAbzTyLEtg=="}
{"name": "\u6bd2\u820c\u7f8e\u5c11\u5973", "url": "http://mp.weixin.qq.com/profile?src=3&timestamp=1502788511&ver=1&signature=M29IcAHHi1Ys7ZQ2RQvBCZvLcS730BZT7fvFPLSDOnL0S0Dd8IyTZjSYkJ3hl054BIA33-h9tSx0JI*pE9Vlig=="}
{"name": "\u7eb9\u8eab\u5927\u5496", "url": "http://mp.weixin.qq.com/profile?src=3&timestamp=1502788517&ver=1&signature=-2KFaIz-YTDoCFrA86h27vmhOwR7684ju6zMpG5OQdAyt5RoWExlz*KiJ4U*7pahI7SwLVo0*KsMeX1a2nmr3g=="}
{"name": "\u5927\u8bdd\u897f\u6e382", "url": "http://mp.weixin.qq.com/profile?src=3&timestamp=1502788517&ver=1&signature=Y0bEoBtokbwEYOT2Kc-bMgZL4-Wn2b4NZb24nA9bmf-jKZpJdhWxiYB-rgOZzy3fGIJEeG3TRTyRKv0-P-QBgg=="}
{"name": "\u5305\u5934\u5927\u7ba1\u5bb6", "url": "http://mp.weixin.qq.com/profile?src=3&timestamp=1502788517&ver=1&signature=py0QpyJwDRzKc1yOrkno705w1ytkqqY1GeFPz2I7rYcJcFegNxB-zqz59Fxv5pfXNhbKg5cdWfpmiO9i5C6zkA=="}
{"name": "BTV\u6587\u827a\u9891\u9053", "url": "http://mp.weixin.qq.com/profile?src=3&timestamp=1502788517&ver=1&signature=MQ3osxCSnn8AKOzbVn4G5uHXjtApkmoHDeyGYpMc7kNwFiqPx3a83rg2FWAhMZdOXmNw3ynDtRhdNdp6MrdXDw=="}
{"name": "\u5b9c\u4e30\u5728\u7ebf", "url": "http://mp.weixin.qq.com/profile?src=3&timestamp=1502788517&ver=1&signature=UmbEIyUZi5iN8NajPeEYuz*253m3p-AQ1oJ-N6k3jkh6lVHxAlC4NE73*gS1S7RgmcUbvycKD667h-5de-3V*Q=="}
{"name": "\u4e0a\u73ed\u65cf\u7684\u4fbf\u5f53", "url": "http://mp.weixin.qq.com/profile?src=3&timestamp=1502788517&ver=1&signature=lA1LDZVKdxa5LP7JkcaeZdVcpS4u27Ku9X-F9JLIbsrT2fOgvhpwkwSss1OfnRktJ06YSocm9B*28CGUN0cjBw=="}
{"name": "\u9f50\u4e50\u770b\u5267", "url": "http://mp.weixin.qq.com/profile?src=3&timestamp=1502788517&ver=1&signature=anZU709N2AB208EzIgjGRou-5s69xiznGx47zQIbdhx3bqwZPpPyb4YyzqL8nT8eyN8NK-cJQuSjvhIfQdd6iw=="}
{"name": "\u798f\u5dde\u79fb\u52a8", "url": "http://mp.weixin.qq.com/profile?src=3&timestamp=1502788517&ver=1&signature=1Y7e0FyEWS5hwUlidSP*5ct3CqKo-TEIKI-3u*o-dU8UyXkIy80aqtjByLLG2hDdEU9OC4Vd53BZC9kiw--lxQ=="}
{"name": "\u4e00\u8d77\u8003\u6559\u5e08", "url": "http://mp.weixin.qq.com/profile?src=3&timestamp=1502788517&ver=1&signature=hzYfI6Nrcn1wpsM5iLticPrhPCP-vLVBIk82siMxeuQUjhyL0k73JSMEZwSOAdzd46Qd6nxtn-9XxK3IhpADrA=="}
{"name": "\u5168\u7403\u672a\u89e3\u4e4b\u8c1c", "url": "http://mp.weixin.qq.com/profile?src=3&timestamp=1502788517&ver=1&signature=IigVlbcFyWKyNvzfDaPVHQrNIq3WebmNzpW68uzG6rOzrSmGEOCeXowUM*Eul6W99YCKnInskGuGSsxAC4KQoA=="}
{"name": "\u897f\u5b89\u6700\u5927\u5708", "url": "http://mp.weixin.qq.com/profile?src=3&timestamp=1502788522&ver=1&signature=seMKxA3ElnIKaUmGNDEEWPD7Q0yJE*nXlyTb4jDKu*FszVq1sZGkiGYpbYZ2MUzy4EsNKPrf93H*sd-Dc-FJsw=="}
{"name": "\u4e2d\u56fd\u641c\u7d22", "url": "http://mp.weixin.qq.com/profile?src=3&timestamp=1502788522&ver=1&signature=LhUEp244TsSo5rFHPMpZl3VOGjgEftA6Z-FIik3KaHUi5LHkGi*6B6ZMurgxMvRdV3xfQrsOKO-j1isXtBU0rg=="}
{"name": "\u6700\u641e\u7b11\u89c6\u9891", "url": "http://mp.weixin.qq.com/profile?src=3&timestamp=1502788522&ver=1&signature=V5IMpg56o8s88X27bl832sMh-kzC2Aw4NtYKufqmD5hd*B6KcRY50-drmkO8i6pfB9DzC4RItlHO*PWCsgw*ow=="}
{"name": "\u501f\u5bbf", "url": "http://mp.weixin.qq.com/profile?src=3&timestamp=1502788522&ver=1&signature=IP*Ut6pl2qpI5RZODU3sBxk*5hhGg3p9f0afFunY07KAJUtUev0YyqOq5pLZS8G9aRO6pr*p-waaEYFzrHqTlg=="}
{"name": "\u6f6e\u6b66\u6c49", "url": "http://mp.weixin.qq.com/profile?src=3&timestamp=1502788522&ver=1&signature=FLPpPxqnxn7NRFLwiH5v7uvyKwW-xQdSFeu2pZOz1UesPPvnSXA30az6arOLgW7mcWURyigYwXwpnU96wWe-JA=="}
{"name": "E\u65c5\u884c\u7f51", "url": "http://mp.weixin.qq.com/profile?src=3&timestamp=1502788522&ver=1&signature=xrwP7HIDUhknSiIA3x-lMv*C-DqLvWWMFDy8g9p2L0EfO0RrDM4z6f4Gy1F81mOapQpb-pYIt2re9GGVqsq-ug=="}
{"name": "Cosmetic\u79cd\u8349\u55b5", "url": "http://mp.weixin.qq.com/profile?src=3&timestamp=1502788522&ver=1&signature=bCF6MBJMuq*BMbnaEWjEcgy3L467PZg8K7eDBbtldb*8EU*EIl-zMl8EHks0lJZMGGwU1gEAHmA1zViZDLXItg=="}
{"name": "\u6bcf\u65e5\u7206\u7b11\u77ed\u7247", "url": "http://mp.weixin.qq.com/profile?src=3&timestamp=1502788522&ver=1&signature=u97chsu7PVpoPv9ndb*RrO2byxxW5xhz*FSmTYLycSnjzwEU5idZ8FjYhTycYq8PIYvTpHEbmPzm6VMSPghRGg=="}
{"name": "\u841d\u535c\u62a5\u544a", "url": "http://mp.weixin.qq.com/profile?src=3&timestamp=1502788522&ver=1&signature=V8GIXbp8ID*6JFqv3dVwCqvmzzWddE2M8FgNlO5jd7X9poOc25uoUMOO8qjh8PnQccjq9Xl0Cas9gAZVVsZgQA=="}
{"name": "\u82cd\u5357\u767e\u4e8b\u901a", "url": "http://mp.weixin.qq.com/profile?src=3&timestamp=1502788522&ver=1&signature=jmAppRysQ16IKDUAJz1EzLRjb5DBZasX0okQfHfzCfadzuaLQzKHnVwFR5kEwnlPm7x8yuDgiYTkuHgfLGBr2A=="}
{"name": "\u5c0f\u68a6\u591c\u8bed", "url": "http://mp.weixin.qq.com/profile?src=3&timestamp=1502788527&ver=1&signature=M2dl6iZ2aBHRAjqtIDH2WYkyqNLgKiMfvAEWIQZVEHnhbQc-gFzuHqh53NgNkA3IRCe2KfAT4VYJP1c5DYQAPg=="}
{"name": "\u547c\u548c\u6d69\u7279\u79fb\u52a8\u5fae\u5385", "url": "http://mp.weixin.qq.com/profile?src=3&timestamp=1502788527&ver=1&signature=U167p2N7UqlWqdGapKMLHUJOEwJj0zXoyho5OqtqBumhVFUs3xlesxG7wvTmabaXto95k3wAJMyso4iYdqFKbQ=="}
{"name": "\u732b\u54aa\u68ee\u6797\u540e\u82b1\u56ed", "url": "http://mp.weixin.qq.com/profile?src=3&timestamp=1502788527&ver=1&signature=VOr6QcZq8CHp1BBN9w-ZmBXk2UhGqH*67u0S*ByDv0XN6Pi4Z2sKFaJ7wBhRTab2ZbNL0-9FHp3mvN4H-iV1yg=="}
{"name": "\u5317\u6d77\u767e\u4e8b\u901a", "url": "http://mp.weixin.qq.com/profile?src=3&timestamp=1502788527&ver=1&signature=JFlEpXaGAIX5lXSHWhKtPQp0orrjyZ*WvzdQ3JAn28nVdyQbQoQaS0G5lWfSfUom-kprz5l590ye-h4VSHqGgQ=="}
{"name": "\u9009\u62e9\u81ea\u5df1", "url": "http://mp.weixin.qq.com/profile?src=3&timestamp=1502788527&ver=1&signature=uieD9Rz3dK7dIJJvIxArNwtsWl0We*xKiAXEqqySbTI8UWqyPNux3vV0cu4PtdgMCDh9pPpy0asqrByDJohl-A=="}
{"name": "\u8a00\u60c5\u9986", "url": "http://mp.weixin.qq.com/profile?src=3&timestamp=1502788527&ver=1&signature=0DqKi5ADi7*dufM2p8BmKmxCSkm9bWZNoklpAs4*ZvNQmQpteRN1tBmCcxx7WvKYn88XlDA5RouAdSAL8Pv6dg=="}
{"name": "Lady\u7f8e\u4eba\u65e5\u8bb0", "url": "http://mp.weixin.qq.com/profile?src=3&timestamp=1502788527&ver=1&signature=JBMtWHM607KnfwgvnvT7XRyuErnjC7WT0oIB5I9GEJnWWB-77b2APh7W2-OEBgdegxQDRYZTjueWXeXKpy5PWw=="}
{"name": "\u60a6\u8587\u5316\u5986\u54c1", "url": "http://mp.weixin.qq.com/profile?src=3&timestamp=1502788527&ver=1&signature=sEeAz0yZC-Me3a6vewhFXsBs11PXSqJWU5WdXhC3VKC34Vc0TJo6Qic3NsS4YiATwfyp0bMi8BQB23ThXogWKg=="}
{"name": "\u828d\u836f\u59d1\u5a18", "url": "http://mp.weixin.qq.com/profile?src=3&timestamp=1502788527&ver=1&signature=co*xsV5xWDPBh1rruhKDWFSnY4En-cEYGUEdPNpSEnggq6Cwo5wtA2XoxSzOaKCRyKG1cDtL0C3meVwQK2jmrg=="}
{"name": "\u4ef7\u503c\u7ebf", "url": "http://mp.weixin.qq.com/profile?src=3&timestamp=1502788527&ver=1&signature=7NIPMZvqyvRGdPcRzm6K*XOjvBKg1KD5zRS-kS-tV7P43KwxMDDr*9d2XU-z9pifMluVjLUJ8ZZsEf5G8CXfbQ=="}
