{"name": "\u817b\u5a03\u788e\u788e\u5ff5", "url": "http://mp.weixin.qq.com/profile?src=3&timestamp=1502788580&ver=1&signature=D0hzBZuR-nzIxqJGrXPfXmhxT*MXJbBTZGAJFiMvL7l0ZMCtKIFaUvhZkmVV1L5hsUf*hEfTM73aUUj*osQPiA=="}
{"name": "\u82f9\u82a5\u5c0f\u9b54\u874e", "url": "http://mp.weixin.qq.com/profile?src=3&timestamp=1502788580&ver=1&signature=rt*ndixoeNhE4J7X0mrCQXpAOS2sB*AjRe2C9ggGgdy9x1MFMPEKgJ*vkDWIS2aVPO0dAu85qBVv2pja2FzQCg=="}
{"name": "\u8a00\u5b89\u5802", "url": "http://mp.weixin.qq.com/profile?src=3&timestamp=1502788580&ver=1&signature=Bo397TX-vmqHsUxhUwE2jCQ6vc8vLKJv*apBOxOTLOAC4wIKyYvuQ6eaCh89B553VjdvIF7vXr1DoypKAEIsOA=="}
{"name": "Seul\u6734\u745f", "url": "http://mp.weixin.qq.com/profile?src=3&timestamp=1502788580&ver=1&signature=bMFiQZsudC32l686nEq1uA808QL*M0Q-5kxGtrFQuzxa9sYQS9G2dAOk7aQZFAtgo-CWGCMMO0SGJZwa6ybAUw=="}
{"name": "\u6dd8\u8fdb\u6765\u65e5\u5986", "url": "http://mp.weixin.qq.com/profile?src=3&timestamp=1502788580&ver=1&signature=DBx0Gw16OvqZl-Z9vp6ICVOLy4SLKQvaDCMf7VXnHhy21piTJbFwBjxd7qYBKRymlSLufQppnAFZ3U0gd9ewBA=="}
{"name": "DC\u5fb7\u5f0f\u5eb7DiscountApotheke", "url": "http://mp.weixin.qq.com/profile?src=3&timestamp=1502788580&ver=1&signature=jg9z5p8uliTTMuLoStjJzJdE3F7zlu9JdFSGy-MrCN041qxcmnxZAv8ONbCZTqY01QWD1S13IdG-DVBcKPSVBg=="}
{"name": "TST", "url": "http://mp.weixin.qq.com/profile?src=3&timestamp=1502788580&ver=1&signature=ZoKSUoaD3ke*J*13KJ3ks7gh*o6CFxpxDCIXloDDPXtJeaXZ*7HkfXH3dcc*XNrCw*m-FJWaDf1R*FAuVHe8Ag=="}
{"name": "\u76ae\u6c27", "url": "http://mp.weixin.qq.com/profile?src=3&timestamp=1502788580&ver=1&signature=2I8OlLpC2BWmF3E9g2driMPBGVgp2liGnyZWX2HaXxgy2bbUUenuH1UFXkgir1H05az0jZsYlmbG61EhJqfJrw=="}
{"name": "\u54c8\u5c14\u6ee8\u8054\u6210\u7f8e\u4e1a", "url": "http://mp.weixin.qq.com/profile?src=3&timestamp=1502788580&ver=1&signature=4SNbylp9JsuOUU4IDaBmO1sSCfh7G6hK0-sz96PUS32I669MbvZSGgwRElgziyqG-cYUNA0QlP8-WdqXVkfPaw=="}
{"name": "\u9cb8\u9c7c\u989c\u4e60\u4f1a", "url": "http://mp.weixin.qq.com/profile?src=3&timestamp=1502788580&ver=1&signature=I9yGNuS9YI2YaNKcmT3C7gJGYwhlLLn-BS7kZJw7XDraAshw1fm7QJL-m84wzM5Sm7OsXJuJ1y5eLwie5YCsYg=="}
{"name": "Lisa\u7684\u7f8e\u5986\u65e5\u8bb0", "url": "http://mp.weixin.qq.com/profile?src=3&timestamp=1502788586&ver=1&signature=EMR0m4QqglVUQp8vo6YvlwtEclNThqJ6bYHCjFiBQJP6cVVqUQZhojeWH9gBIf4s9xCXnT6liWSr4Ydjkuo23A=="}
{"name": "\u73b2\u73d1", "url": "http://mp.weixin.qq.com/profile?src=3&timestamp=1502788586&ver=1&signature=9rL7NJYoT6od5lhGaV5mDZ0fYCbrbkQu5lSWLPr13EhqbmyFjDGmfxpqwoUSF7NCR*thJTox1Mh2YR85fauLGA=="}
{"name": "\u9cb8\u9c7c\u989c\u4e60\u4f1a", "url": "http://mp.weixin.qq.com/profile?src=3&timestamp=1502788586&ver=1&signature=I9yGNuS9YI2YaNKcmT3C7gJGYwhlLLn-BS7kZJw7XDraAshw1fm7QJL-m84wzM5S0iKoicJjiLjyxMhxjafo8A=="}
{"name": "\u539f\u6765\u662f\u897f\u95e8\u5927\u5ac2", "url": "http://mp.weixin.qq.com/profile?src=3&timestamp=1502788586&ver=1&signature=7e0-qo2FD6UYiCW5L71O-6fZeko090lCFfWXCd3hTW51uetZazSF5oETYb38WFKB7BOpOcmYU9KoZjA8kX7hwg=="}
{"name": "\u6709\u683c", "url": "http://mp.weixin.qq.com/profile?src=3&timestamp=1502788586&ver=1&signature=YVzaYyfPlk1zrhQJ7RHZe-t3760VZhwQnbHMy27iJ8ssCtM2*k-wA*LBuIktVWEvoK313jLJNBgYVl2AVAf1-Q=="}
{"name": "\u5c48\u81e3\u6c0f\u5b98\u65b9\u8ba2\u9605\u53f7", "url": "http://mp.weixin.qq.com/profile?src=3&timestamp=1502788586&ver=1&signature=DxyRXNIyePbxcXv3Z*RGW*gUsu3KBXkPcjq4vmFL*BTFRoPUiR1uzhr8EqC8ffYVxiMZQ7mDcfKFaEQsMmzEBw=="}
{"name": "\u5c48\u81e3\u6c0f\u5b98\u65b9\u8ba2\u9605\u53f7", "url": "http://mp.weixin.qq.com/profile?src=3&timestamp=1502788586&ver=1&signature=DxyRXNIyePbxcXv3Z*RGW*gUsu3KBXkPcjq4vmFL*BTFRoPUiR1uzhr8EqC8ffYVxiMZQ7mDcfKFaEQsMmzEBw=="}
{"name": "\u5c3c\u53ef\u7f8e\u598d", "url": "http://mp.weixin.qq.com/profile?src=3&timestamp=1502788586&ver=1&signature=Upik6sLZMx4njfF7Nx2TmeKmaHkg-ONvT5u1sNCzby8OnKSE8*b*k1C3zsyWL777e-wt-G2bb-SrGjF7x29Fyg=="}
{"name": "\u4eca\u65e5\u65e5\u672c", "url": "http://mp.weixin.qq.com/profile?src=3&timestamp=1502788586&ver=1&signature=XYc9K2BPhPG1iuGVDMmzlednDHRR*2ij-vEMHbJr7-b3t2*G**UfhGOU3DNfOOt2LNTErRLg6PaoTL8-2-c-7A=="}
{"name": "iEVER\u7f8e\u8bfe", "url": "http://mp.weixin.qq.com/profile?src=3&timestamp=1502788586&ver=1&signature=y3VgoUWPwRDA5nztqkJGx0CmlmnNcWI26vfb43elPKtWVm68UayvusHrkE2-muyK84GWUo9D7NVvxbBHPD2DXA=="}
{"name": "\u8fbe\u8fbe\u66fc\u7814\u7a76\u9662", "url": "http://mp.weixin.qq.com/profile?src=3&timestamp=1502788593&ver=1&signature=Tb65cNUACoFOKrvK5LikiqJ2z56siroc9*G9b19hDcLtWTrXE3bSFdDL9E4qHL4WAOYkch9baIQDF*yaR4J34g=="}
{"name": "TST\u5168\u7403\u62db\u5546\u603b\u90e8", "url": "http://mp.weixin.qq.com/profile?src=3&timestamp=1502788593&ver=1&signature=FTtIvNj83zqAbZBn7aR-abuBceZvzxo5jtf21eJHnMzXX4o841En51J7m3BpqW5-7TA5v1S0ADv*UMJeKdl7vA=="}
{"name": "TSTservice\u5ead\u79d8\u5bc6", "url": "http://mp.weixin.qq.com/profile?src=3&timestamp=1502788593&ver=1&signature=5dkMU*fGqTUrOh*5jqblLFdB7U4eS4E-8eRuFyVOCkZPPn8xvIS7I6H4ZMhYfF-2UAvgw*FhKfMz87sCp2F3aw=="}
{"name": "\u6e05\u5355", "url": "http://mp.weixin.qq.com/profile?src=3&timestamp=1502788593&ver=1&signature=aPcOHp0YXWWafA6We7QAJj5PL1ryxGtaGa*0TF4np-MUdkABFBCePshXGCNX-*Xk4wsvcAM7QI8kKO0zkAKjrg=="}
{"name": "\u5341\u70b9\u79cd\u8349", "url": "http://mp.weixin.qq.com/profile?src=3&timestamp=1502788593&ver=1&signature=8bELymaNM8f2uM5uLqSwJNkeqIc8ZAetNmVnUir-ztWmnv3x4yxPsJ2qfZnvXgZ*XqYyNqE8mHqZNFZTm2dKzg=="}
{"name": "\u5973\u795e\u8fdb\u5316\u8bba", "url": "http://mp.weixin.qq.com/profile?src=3&timestamp=1502788593&ver=1&signature=0MEErF5SV*D3X3npw7xSBv2SvupD16zxCRru-A3D5tTcQo46YZLyXii4RS9CnU5fRpBdj8MJt7C1odOA9XBwUw=="}
{"name": "\u654f\u611f\u808c\u80a4", "url": "http://mp.weixin.qq.com/profile?src=3&timestamp=1502788593&ver=1&signature=brhGVsf-ZEA9*6KUaZcUOhqmu8KbwhmkXLp0UbvC9rAgKFXYl4uM7Gd0BGLG23VKQZl9JdNNbLSVBEFEl0RFCw=="}
{"name": "\u5341\u70b9\u79cd\u8349", "url": "http://mp.weixin.qq.com/profile?src=3&timestamp=1502788593&ver=1&signature=8bELymaNM8f2uM5uLqSwJNkeqIc8ZAetNmVnUir-ztWmnv3x4yxPsJ2qfZnvXgZ*XqYyNqE8mHqZNFZTm2dKzg=="}
{"name": "\u4e8c\u4e2b\u5728\u4e1c\u4eac", "url": "http://mp.weixin.qq.com/profile?src=3&timestamp=1502788593&ver=1&signature=Ei9bvQRTP*5qTSa9IhXrKT39ZTMvh-4Vd2-9EI8fEgerIfMx6vRS6x2sdc41qvr8CuBCqBwCv-PQp9YnzqOvow=="}
{"name": "\u5c0f\u8c46\u8c46\u548c\u5c0f\u718a\u4ed4", "url": "http://mp.weixin.qq.com/profile?src=3&timestamp=1502788593&ver=1&signature=dVxii1rTp81*gmkU3hxqiyp1PTBmHp0mFSQHxkKnqUSWv6q*1Tn7D0Q6kYYf1NiZ8iYLYy4dUPAnpN6Y5cZqAQ=="}
{"name": "\u7406\u60f3\u751f\u6d3b\u767e\u79d1", "url": "http://mp.weixin.qq.com/profile?src=3&timestamp=1502788598&ver=1&signature=mdY*-UxBgUAk9Ij-fTCzcueFkWgeQM4CEZ2bz4E0LH8*PtIzriX4XhOvNCDPCPnVHp4NufO0RKQayjKRy4pb4A=="}
{"name": "\u534a\u7cd6", "url": "http://mp.weixin.qq.com/profile?src=3&timestamp=1502788598&ver=1&signature=n0XPxaAVg-7sStsvnP6LJ0Pvn-Zqo8bKJ6fw70V4XCOih4S-OLIZ4RTWraOpBEDlfEa1JQ88TIG8Jc84pkHFvw=="}
{"name": "\u84dd\u84dd\u4f0a\u4eba", "url": "http://mp.weixin.qq.com/profile?src=3&timestamp=1502788598&ver=1&signature=9e8EXrfbXUUdbCxMdcv82bU-SoDsRuLD-B4TE-GDW2DLBtb52CmD7-5q5NYK0yLD4FtkuGa0XuBKkTqCLmfXUQ=="}
{"name": "\u59d0\u6559\u4f60\u6311", "url": "http://mp.weixin.qq.com/profile?src=3&timestamp=1502788598&ver=1&signature=xAXkPtauiPSb9AlKu2xE6XExjvPTQSGpo-D7nKf0X2YTKgYBzltWlbsaB7hBr-GRGegITBebG1cRAFXiR3IN6g=="}
{"name": "\u5316\u5986\u6b65\u9aa4", "url": "http://mp.weixin.qq.com/profile?src=3&timestamp=1502788598&ver=1&signature=tnsiTxFGPEpSTV8LSuLNHgimB1xNp0HxLA3ZYaB25wh8GJWm7LqCyAbRpI6tNQN*qY7ugUJE2zS6V9cT4GiVvA=="}
{"name": "\u4eca\u65e5\u65e5\u672c", "url": "http://mp.weixin.qq.com/profile?src=3&timestamp=1502788598&ver=1&signature=XYc9K2BPhPG1iuGVDMmzlednDHRR*2ij-vEMHbJr7-b3t2*G**UfhGOU3DNfOOt2lREde-cLyhyNNNb6jM*eLg=="}
{"name": "\u8f69\u8f69\u7269\u8bed", "url": "http://mp.weixin.qq.com/profile?src=3&timestamp=1502788598&ver=1&signature=Z8a0GmUmvdVEiXPf-NMNhMe7Cm9wuVqWwwONTIjX23HYeBc0kC7*aOuEPYKzs9a**rzjKxytObCuhinQOlKYSg=="}
{"name": "truebuty", "url": "http://mp.weixin.qq.com/profile?src=3&timestamp=1502788598&ver=1&signature=d4U*Y8hvDUAp298G*1-t3PGAeXZZjcvjZhd8TTMzwL0lgFCzGDp9N5DOUB-XrSt9U2JO9MhYNl9i86OCUGJA3Q=="}
{"name": "\u5370\u8c61\u4eac\u90fd", "url": "http://mp.weixin.qq.com/profile?src=3&timestamp=1502788598&ver=1&signature=NypKlG1ldYsHhL1P94Ii8sWLiQGF-xIXUrcLuZAii6h8l67wNoYz0zMP3V6HvrxLbrbJ53A8LD0p80G8hedX8w=="}
{"name": "\u6696\u5c9b\u7231", "url": "http://mp.weixin.qq.com/profile?src=3&timestamp=1502788598&ver=1&signature=X0LO1ceWLl2zv0NNxDrxubQ82ld*pm0rHPHDfwcCcZ5hS4P3cBmED0Bmf7F3InJK57cN3Y4D6HKcRF9oCg8ipQ=="}
{"name": "\u9cb8\u9c7c\u989c\u4e60\u4f1a", "url": "http://mp.weixin.qq.com/profile?src=3&timestamp=1502788604&ver=1&signature=I9yGNuS9YI2YaNKcmT3C7gJGYwhlLLn-BS7kZJw7XDraAshw1fm7QJL-m84wzM5Ses8lmwOO8TxqPqlmo4fX2A=="}
{"name": "iEVER\u7f8e\u8bfe\u7f8e\u5986", "url": "http://mp.weixin.qq.com/profile?src=3&timestamp=1502788604&ver=1&signature=y3VgoUWPwRDA5nztqkJGx0CmlmnNcWI26vfb43elPKtWVm68UayvusHrkE2-muyKRCOGXY6Zd2ZBjUOGdKwFXw=="}
{"name": "\u6df1\u591c\u53d1\u5ab8", "url": "http://mp.weixin.qq.com/profile?src=3&timestamp=1502788604&ver=1&signature=PrUY3Hyytc6tkvzvmM5hCYdJW1C-qHBcg920ebBXD34pOKnliaREDQkmEBaJm4IH6w3NfaYNSCLnLE2mlD6HgA=="}
{"name": "\u745e\u4e3d\u670d\u9970\u7f8e\u5bb9", "url": "http://mp.weixin.qq.com/profile?src=3&timestamp=1502788604&ver=1&signature=mU-HsDusVPFC2cvkHihxmf5UpYJVNM3Tizn1djoAkh83tL1wI3HQXTuZhoO4uCjmY5J0GtIKftuZIXWe-9FutA=="}
{"name": "COSME\u5927\u8d4f", "url": "http://mp.weixin.qq.com/profile?src=3&timestamp=1502788604&ver=1&signature=UI5QpXwDni2ztlZPSQDfPkaYOYlxLX2BDFuAqa8tfQmj1fUy-inVdHgPAUlmCZotrKeQBSInFVc6wT4czHGMqA=="}
{"name": "\u6469\u5c14\u5c0f\u59d0", "url": "http://mp.weixin.qq.com/profile?src=3&timestamp=1502788604&ver=1&signature=7nTT7k8KgV5TtXwPmE0Zc-wIFc8F7oXkPfXSUf4DfyGpVBQSwBW5t3WCqnco5VD58M3H-lqbHkjmLQOqIo752Q=="}
{"name": "\u6e05\u5355", "url": "http://mp.weixin.qq.com/profile?src=3&timestamp=1502788604&ver=1&signature=aPcOHp0YXWWafA6We7QAJj5PL1ryxGtaGa*0TF4np-MUdkABFBCePshXGCNX-*XkhQtYgaK-t19N4Y0certxZQ=="}
{"name": "\u6700\u7231\u5c0f\u7626\u5e72", "url": "http://mp.weixin.qq.com/profile?src=3&timestamp=1502788604&ver=1&signature=7eji1mbNP26fc8JypPbNYh-747Jpag-Bft8jyCimye39kbHHjsex7oy05FXdOlV8efyAzxU6HxMTpoSWCyC9jg=="}
{"name": "\u5c3c\u53ef\u7f8e\u598d", "url": "http://mp.weixin.qq.com/profile?src=3&timestamp=1502788604&ver=1&signature=Upik6sLZMx4njfF7Nx2TmeKmaHkg-ONvT5u1sNCzby8OnKSE8*b*k1C3zsyWL777ZcHW8rKoSAKVCwcP8sJUEw=="}
{"name": "\u5c3c\u53ef\u7f8e\u598d", "url": "http://mp.weixin.qq.com/profile?src=3&timestamp=1502788605&ver=1&signature=Upik6sLZMx4njfF7Nx2TmeKmaHkg-ONvT5u1sNCzby8OnKSE8*b*k1C3zsyWL777LabJDUk2NGGbhTHVAmyrVA=="}
{"name": "\u6e05\u5355", "url": "http://mp.weixin.qq.com/profile?src=3&timestamp=1502788611&ver=1&signature=aPcOHp0YXWWafA6We7QAJj5PL1ryxGtaGa*0TF4np-MUdkABFBCePshXGCNX-*XkUbW46aecOW84Ia20FPqxkw=="}
{"name": "\u5305\u516c\u5b50\u59d0\u513f", "url": "http://mp.weixin.qq.com/profile?src=3&timestamp=1502788611&ver=1&signature=bLAyN0KJLQFRhxeLJZkgNHGZeV2Zr-0My773i--77CCamPHeQZo9VbzPxKtlqKfqz0ZqJHLjzQouSFyd57gMFA=="}
{"name": "\u6709\u7f8e\u6709\u8111", "url": "http://mp.weixin.qq.com/profile?src=3&timestamp=1502788611&ver=1&signature=D2dO04fXiwRJeXzrB2j4FVDqP5fgfTMOzOj2kjzv*0ncJge8qgAp2LsmnY4kTFnEg1dCRutNtUPsLLpQKrojFg=="}
{"name": "\u745e\u4e3d\u7f51", "url": "http://mp.weixin.qq.com/profile?src=3&timestamp=1502788611&ver=1&signature=J*eZ7-3CTYWHX9PXsHM1cI*D6L9PI0SBf07JyoGVys2CQw30jnOBzpP9lYcuCTw6gnZJXetjPXmKfhQsL7atjg=="}
{"name": "\u65e5\u672c\u6dd8", "url": "http://mp.weixin.qq.com/profile?src=3&timestamp=1502788611&ver=1&signature=Y-pc5Pn8kp7XIgGfMk73nxIAiv96I7*2Jn-633resM9K-xXZsuyU17OxkrAap5VWUOXdIYAGmz8hAFCDRJOceg=="}
{"name": "\u4e1c\u4eac\u65b0\u9752\u5e74", "url": "http://mp.weixin.qq.com/profile?src=3&timestamp=1502788611&ver=1&signature=nRCx*dDAGrxGjFo7momhUxxo6ThLzmloXsiN27*hTz1EdhYvaHj5GLMgpKTA589edV-rxkM7RI6Hhb3-FldJJQ=="}
{"name": "\u9648\u5927\u5954\u513fer", "url": "http://mp.weixin.qq.com/profile?src=3&timestamp=1502788611&ver=1&signature=a2XvuvuPbOYWsQWS4qmqYDZse4DjpQwZf3FJyHlsgLrBLwLGEp0T71oGSoFxCmnTk-LYApkuzSRwssrQkfpr4A=="}
{"name": "\u4eca\u65e5\u65e5\u672c", "url": "http://mp.weixin.qq.com/profile?src=3&timestamp=1502788611&ver=1&signature=XYc9K2BPhPG1iuGVDMmzlednDHRR*2ij-vEMHbJr7-b3t2*G**UfhGOU3DNfOOt2uIVO6l7cSPdsdT2rg7bO9w=="}
{"name": "\u65e0\u7fbd\u7684\u5929\u4f7f", "url": "http://mp.weixin.qq.com/profile?src=3&timestamp=1502788611&ver=1&signature=8rAHHBaO9vxHFgQXMIT62sQg3bdlwLQmJGX-9NQKOqjsRRtxSXzGItCwE3nTvyO7JgoVtbsLt*fQVkWNAZzSfQ=="}
{"name": "\u9cb8\u9c7c\u989c\u4e60\u4f1a", "url": "http://mp.weixin.qq.com/profile?src=3&timestamp=1502788611&ver=1&signature=I9yGNuS9YI2YaNKcmT3C7gJGYwhlLLn-BS7kZJw7XDraAshw1fm7QJL-m84wzM5ShiVQYFlXtD8OUHO0eow2yw=="}
{"name": "\u95fa\u871c\u7f51Kimiss", "url": "http://mp.weixin.qq.com/profile?src=3&timestamp=1502788618&ver=1&signature=2O9BN3mTtKg*V-I8vkxsBZ6K*e6hhg*vSzyiIkfiJc4ufw9WYYa9JlFBB-zC8V9EOz2VH9JlZeM6Jrm0F3KidA=="}
{"name": "\u4eca\u65e5\u65e5\u672c", "url": "http://mp.weixin.qq.com/profile?src=3&timestamp=1502788618&ver=1&signature=XYc9K2BPhPG1iuGVDMmzlednDHRR*2ij-vEMHbJr7-b3t2*G**UfhGOU3DNfOOt2k9Vxx1Iu5ocHzHfpiRiCAg=="}
{"name": "\u65f6\u5c1a\u6742\u5fd7", "url": "http://mp.weixin.qq.com/profile?src=3&timestamp=1502788618&ver=1&signature=WMrkrIbgfAgCKfICPziT5bOCJCAMbW*rDhd*jSEvQ5USncjNbz1UIKR7lHObddM6knpD7RI4VPDTgNxbSkt4Mg=="}
{"name": "\u5316\u5986\u5e08MK-\u96f7\u97f5\u797a", "url": "http://mp.weixin.qq.com/profile?src=3&timestamp=1502788618&ver=1&signature=FwgxXBlVhwFkW6TFtBVjmyrlEMKmd6KTQP5*lCb2XFgg2jHDAeMtZaEArdluBKCU7K0j15akD2Dzw8SPKnQoSQ=="}
{"name": "\u6211\u7231\u6dd8\u539f\u5355", "url": "http://mp.weixin.qq.com/profile?src=3&timestamp=1502788618&ver=1&signature=kbe8kDMdFwhfloxBaR4tAcBaUxlLi1ONWalw2CdaeWt8L8XecbbJeof0jxjfjkEUGUp8MAklw0E8dXqfQpkMAg=="}
{"name": "iEVER\u7f8e\u8bfe\u7f8e\u5986", "url": "http://mp.weixin.qq.com/profile?src=3&timestamp=1502788618&ver=1&signature=y3VgoUWPwRDA5nztqkJGx0CmlmnNcWI26vfb43elPKtWVm68UayvusHrkE2-muyKfHuA76YFM9ofGa-TAR6ddg=="}
{"name": "\u739b\u4e3d\u83b2\u61f5\u5154", "url": "http://mp.weixin.qq.com/profile?src=3&timestamp=1502788618&ver=1&signature=r1q8J-Dpzu1CCQ0gl-K34MU6r8oO7wpEaVbUTG*I7KMJgoMGYtQP7e*Q9oqRAU43o2u41OIEvBHaZaEDU3URTQ=="}
{"name": "\u5de6\u5a07\u5a07Rosemary", "url": "http://mp.weixin.qq.com/profile?src=3&timestamp=1502788618&ver=1&signature=Fu-25paGFLbdUeuolAqxOSvVYTvVatMcUQoVqM4RplO0*Ag0s*6KCkS-j1HMRcbkKGyNsp*X2EkLjouVJ2F-uw=="}
{"name": "Junkey\u5927\u738b\u5f88\u81ed\u7f8e", "url": "http://mp.weixin.qq.com/profile?src=3&timestamp=1502788618&ver=1&signature=XRMfey9fUososKKvhGJwXI-fCRuZDgc90wfNmNW3CnrV6S1fmL1apF6EHEfSG9i6Iv9aTfGtCzMfoT9HoeJ6ZQ=="}
{"name": "\u6700\u7231\u5c0f\u7626\u5e72", "url": "http://mp.weixin.qq.com/profile?src=3&timestamp=1502788618&ver=1&signature=7eji1mbNP26fc8JypPbNYh-747Jpag-Bft8jyCimye39kbHHjsex7oy05FXdOlV8dWzZPkAWUj*KYVqLDHi0iw=="}
{"name": "\u739b\u4e3d\u83b2\u61f5\u5154", "url": "http://mp.weixin.qq.com/profile?src=3&timestamp=1502788625&ver=1&signature=r1q8J-Dpzu1CCQ0gl-K34MU6r8oO7wpEaVbUTG*I7KMJgoMGYtQP7e*Q9oqRAU43oNEohaCtAkDeOVw1ECjD4A=="}
{"name": "\u5316\u5986\u5e08MK-\u96f7\u97f5\u797a", "url": "http://mp.weixin.qq.com/profile?src=3&timestamp=1502788625&ver=1&signature=FwgxXBlVhwFkW6TFtBVjmyrlEMKmd6KTQP5*lCb2XFgg2jHDAeMtZaEArdluBKCUPJZqz2RSFbDjg4C4oYQA7Q=="}
{"name": "COSME\u5927\u8d4f", "url": "http://mp.weixin.qq.com/profile?src=3&timestamp=1502788625&ver=1&signature=UI5QpXwDni2ztlZPSQDfPkaYOYlxLX2BDFuAqa8tfQmj1fUy-inVdHgPAUlmCZotbd3g7DSVugmcbLdf7OAUrw=="}
{"name": "\u5341\u70b9\u79cd\u8349", "url": "http://mp.weixin.qq.com/profile?src=3&timestamp=1502788625&ver=1&signature=8bELymaNM8f2uM5uLqSwJNkeqIc8ZAetNmVnUir-ztWmnv3x4yxPsJ2qfZnvXgZ*-iNcx4bQcaJsvl7KgGaxsg=="}
{"name": "\u8611\u83c7\u8857", "url": "http://mp.weixin.qq.com/profile?src=3&timestamp=1502788625&ver=1&signature=BrgvUsvGK8AU*Ame244rzVsIMYx4iR2EHfDknCCQJGTvtcpMUdUIxzjp*QXNPpntdyB3YyQ6f2NEkxJDZbCJrw=="}
{"name": "OnlyLady\u5973\u4eba\u5fd7", "url": "http://mp.weixin.qq.com/profile?src=3&timestamp=1502788625&ver=1&signature=EDaXWsD113ItXlzJo2GfGKR9XNPOfLK13aXdn1eHl1-Rste1qZLZRkQw3MOXwZlE5SXpvW-Khr77SvoOJCGBDA=="}
{"name": "\u65e5\u672c\u7a97", "url": "http://mp.weixin.qq.com/profile?src=3&timestamp=1502788625&ver=1&signature=oIkDFgxeyB9cAQsHvibsuv2f51XlYJHhqNlvPLPjC7qNhTaqYUc4p6hIXTBoQ6prfkz2WzqXoQrxQPGEAkYcIg=="}
{"name": "truebuty", "url": "http://mp.weixin.qq.com/profile?src=3&timestamp=1502788625&ver=1&signature=d4U*Y8hvDUAp298G*1-t3PGAeXZZjcvjZhd8TTMzwL0lgFCzGDp9N5DOUB-XrSt9PGkHJRUhGhqPjC305xosPg=="}
{"name": "\u5316\u5986\u5e08MK-\u96f7\u97f5\u797a", "url": "http://mp.weixin.qq.com/profile?src=3&timestamp=1502788625&ver=1&signature=FwgxXBlVhwFkW6TFtBVjmyrlEMKmd6KTQP5*lCb2XFgg2jHDAeMtZaEArdluBKCUPJZqz2RSFbDjg4C4oYQA7Q=="}
{"name": "RanEmma", "url": "http://mp.weixin.qq.com/profile?src=3&timestamp=1502788625&ver=1&signature=KGqed5gx8ylYyG3s5MKrbVirlMEaTwlepYCiXFnfx1TwEczwhUcnApLsIVD5euLnUX95WWhU3oWiG8q8lPq-Bg=="}
{"name": "\u6e05\u5355", "url": "http://mp.weixin.qq.com/profile?src=3&timestamp=1502788632&ver=1&signature=aPcOHp0YXWWafA6We7QAJj5PL1ryxGtaGa*0TF4np-MUdkABFBCePshXGCNX-*XkuCdIzOL0EQJNdfbDvOEl1g=="}
{"name": "\u745e\u4e3d\u7f51", "url": "http://mp.weixin.qq.com/profile?src=3&timestamp=1502788632&ver=1&signature=J*eZ7-3CTYWHX9PXsHM1cI*D6L9PI0SBf07JyoGVys2CQw30jnOBzpP9lYcuCTw6uFC*OU2q2hpod0rfORNB-A=="}
{"name": "Lisa\u7684\u7f8e\u5986\u65e5\u8bb0", "url": "http://mp.weixin.qq.com/profile?src=3&timestamp=1502788632&ver=1&signature=EMR0m4QqglVUQp8vo6YvlwtEclNThqJ6bYHCjFiBQJP6cVVqUQZhojeWH9gBIf4snXnC9GW1-ckd-58ILkLs9Q=="}
{"name": "\u5982\u65b0V\u4eba\u751f", "url": "http://mp.weixin.qq.com/profile?src=3&timestamp=1502788632&ver=1&signature=uLnSOBneLXr6HbtwK0N4saUclxbgwOFuKBAUz7IhgLMvY9Jcicfy893wlOIF48ymQnfFJ1fQXg*nFBvL5SlF6Q=="}
{"name": "\u6211\u7231\u5316\u5986\u54c1", "url": "http://mp.weixin.qq.com/profile?src=3&timestamp=1502788632&ver=1&signature=nlSTUdaXviZ2ZkGQSRtf2-b2qKVNjSlmmFMLLRyx-bIxFkHRxjgZhVLhCMuaLEmwd7JiCPWNKyTX3lRSrPtlcQ=="}
{"name": "\u4e70\u4e70\u767e\u79d1", "url": "http://mp.weixin.qq.com/profile?src=3&timestamp=1502788632&ver=1&signature=-FjWou0dKDI1xGQfT7la9h*K7nFsqm7hXWvyn8LdXWktadsjpS3elj3n6t*0S8GHH6DzpNR7Vxe1uBNIWDTmjQ=="}
{"name": "\u65e5\u672c\u6dd8", "url": "http://mp.weixin.qq.com/profile?src=3&timestamp=1502788632&ver=1&signature=Y-pc5Pn8kp7XIgGfMk73nxIAiv96I7*2Jn-633resM9K-xXZsuyU17OxkrAap5VWu5V0EjdbKUK7w8g50ePomg=="}
{"name": "\u8bf3\u7f8e\u5984\u60f3", "url": "http://mp.weixin.qq.com/profile?src=3&timestamp=1502788632&ver=1&signature=Smky-RS8fvM6G1E8cWp9y*uG4rO8GA1lZ2iuXDiRnoHcByOh9KlfP8ppXPOkHHdEChswhcf3yDFBvBjMhK6SjA=="}
{"name": "\u65e5\u672c\u7a97", "url": "http://mp.weixin.qq.com/profile?src=3&timestamp=1502788632&ver=1&signature=oIkDFgxeyB9cAQsHvibsuv2f51XlYJHhqNlvPLPjC7qNhTaqYUc4p6hIXTBoQ6prxg0EpEg7sYcx28nRvuj17Q=="}
{"name": "Style\u7f8e\u5986", "url": "http://mp.weixin.qq.com/profile?src=3&timestamp=1502788632&ver=1&signature=nTh4dIhap*isJzuxIq0gFKk8gr*6iU4AGlYBcYg2dDksYHdl3D7Aa0myfYQw4O6PJ-SWlXdIw8b82IaeJlPG*w=="}
{"name": "Style\u7f8e\u5986", "url": "http://mp.weixin.qq.com/profile?src=3&timestamp=1502788638&ver=1&signature=nTh4dIhap*isJzuxIq0gFKk8gr*6iU4AGlYBcYg2dDksYHdl3D7Aa0myfYQw4O6PxpTQA5EhuvDrSK*nrDELSg=="}
{"name": "\u65e5\u672c\u4f18\u54c1", "url": "http://mp.weixin.qq.com/profile?src=3&timestamp=1502788638&ver=1&signature=w-f4VVlH1J4Y609B6Klr8cfbtOnOam2rDbzZfjzdRMLWyL14DCS4wjNLVgzJqXOPgCWUPTf7**etU9xYEjzWrw=="}
{"name": "i-EVER\u7f8e\u4eba\u5982\u521d", "url": "http://mp.weixin.qq.com/profile?src=3&timestamp=1502788638&ver=1&signature=y3VgoUWPwRDA5nztqkJGx0CmlmnNcWI26vfb43elPKtWVm68UayvusHrkE2-muyKxR6WC323RX*ZUF-ZfFyMlw=="}
{"name": "\u5c48\u81e3\u6c0f\u5b98\u65b9\u8ba2\u9605\u53f7", "url": "http://mp.weixin.qq.com/profile?src=3&timestamp=1502788638&ver=1&signature=DxyRXNIyePbxcXv3Z*RGW*gUsu3KBXkPcjq4vmFL*BTFRoPUiR1uzhr8EqC8ffYVNfeR0RIErdTLYFQ8J0iQDQ=="}
{"name": "\u6dd8\u5927\u962a", "url": "http://mp.weixin.qq.com/profile?src=3&timestamp=1502788638&ver=1&signature=vD0xywDJwTOCrvtCB7NRWOtcfYvjLRUDaAPLxs6*987QAfn9R6th4AGsX2M0hRII81ZKwxnGZN7yegcmvtyKDA=="}
{"name": "\u534a\u7cd6", "url": "http://mp.weixin.qq.com/profile?src=3&timestamp=1502788638&ver=1&signature=n0XPxaAVg-7sStsvnP6LJ0Pvn-Zqo8bKJ6fw70V4XCOih4S-OLIZ4RTWraOpBEDlgXGDwpNyMLJO0vH0LOMqTw=="}
{"name": "\u7f8e\u5986\u62a4\u80a4", "url": "http://mp.weixin.qq.com/profile?src=3&timestamp=1502788638&ver=1&signature=TAUTwOX51U0NUZoUgNLnW31jBFXSnsWc9bIA7QtGa0b4zVMfCM0kcAFNB3Pa60hTAsro-BlUShSQswM6HNk1RA=="}
{"name": "\u5c0f\u6d77\u8c5a1212\u7684\u7f8e\u4e3d\u4e16\u754c", "url": "http://mp.weixin.qq.com/profile?src=3&timestamp=1502788638&ver=1&signature=6va2EcPe3WIc6qgIHhrf6UvMiC-fV5tMH9EQ0FkRJTT*vePwHWkD8WVFG3ZlHp0Bynrp*mP079Q9krkqGl7ISQ=="}
{"name": "\u6e05\u5355", "url": "http://mp.weixin.qq.com/profile?src=3&timestamp=1502788638&ver=1&signature=aPcOHp0YXWWafA6We7QAJj5PL1ryxGtaGa*0TF4np-MUdkABFBCePshXGCNX-*XkEer3*Q6gnuGj03RneebJeQ=="}
{"name": "\u7075\u9b42\u6709\u9999\u6c14\u7684\u5973\u5b50", "url": "http://mp.weixin.qq.com/profile?src=3&timestamp=1502788638&ver=1&signature=asBtDp*H5fJ-U6C8aqXQ3nxRggG3ndPyKw8JXgy6KEvPERCd72afm7EhGAejnTxnt0q*Qk44UjH*247dL9oA7A=="}
