{"name": "\u5e7f\u5dde\u597d\u7740\u6570", "url": "http://mp.weixin.qq.com/profile?src=3&timestamp=1502788411&ver=1&signature=kByzP8F9r9HvbW2St9*-sWh*KCvZYRf5GHk5EdTuBGWXvFV9WNBrjLFSmXK4zk6kaD-Ec-79fGH4ZUbzSYCplQ=="}
{"name": "\u5251\u7f51\u4e09\u7269\u4ef7", "url": "http://mp.weixin.qq.com/profile?src=3&timestamp=1502788411&ver=1&signature=0OfDmALneiJCd7THxY7nd-lN0-kHweYB3wHfkXMYSHJ5ZDw6yaPO9C8OCTCw8WzOFZM3L4MkyUrtgSBlDQT2*g=="}
{"name": "\u8386\u7530\u5c0f\u9c7c\u7f51", "url": "http://mp.weixin.qq.com/profile?src=3&timestamp=1502788411&ver=1&signature=JCdhbvcIc3y4rIj3hkKyIrJjhJvTZ9RdQWU*XxulkPj645J*oi-Mv4RbmQ9Yp1c26pDRnO79v8x4neSZvK4o8g=="}
{"name": "\u5206\u4eab\u5927\u4f1a", "url": "http://mp.weixin.qq.com/profile?src=3&timestamp=1502788411&ver=1&signature=zjifXjMk7qGyM1nXorACbzwpPiPz*5h83NBb4bWcl61K4bgOyWVxGdF6PfHqcnYSI-CvMhgC2zBruwEEPt02ZQ=="}
{"name": "\u5bb6\u4e50\u798f\u54c8\u5c14\u6ee8", "url": "http://mp.weixin.qq.com/profile?src=3&timestamp=1502788411&ver=1&signature=jM0IP7HbnBCHX-5Aety4fHO*ldzSOjxoHTjMlXFlo1CJMzFyRArbsj1Z6oo1dP77CbylOfV-LRo6f6ZOuysSWg=="}
{"name": "\u5e7f\u5dde\u7f8e\u98df\u653b\u7565", "url": "http://mp.weixin.qq.com/profile?src=3&timestamp=1502788411&ver=1&signature=xpb7DgmTSjoytRFSv-rhHgjF3TAZXo2xur2EmySPEIQNsdb3MWQwh7w2Jbc68n554DsAExgmkf65iaC7HZ9tVg=="}
{"name": "\u521b\u4e1a\u57fa\u7840", "url": "http://mp.weixin.qq.com/profile?src=3&timestamp=1502788411&ver=1&signature=0GXAuJBO3v*nYgJ026w1xH2r-AcNIVs*XwRRL7GCY3gC1lVgUbShsPmWGcQPsODoYY1INNRxM**8JqSvdJGzMw=="}
{"name": "\u82f1\u56fd\u7ea2\u9886\u5dfe", "url": "http://mp.weixin.qq.com/profile?src=3&timestamp=1502788411&ver=1&signature=oHPGDQiH4Ggi9CTbei-APgm-UI31-R9p28yV*LT2kmaSVsg3QX-gOn4kPGuLLV4ycdqV9kxB2Z1vGh6Mz4YG9Q=="}
{"name": "\u643a\u7a0b\u9189\u7f8e\u76ee\u7684\u5730", "url": "http://mp.weixin.qq.com/profile?src=3&timestamp=1502788411&ver=1&signature=mYUu9d4vTp0RQ3pCgelp3*veRFFTmXzUGag*TFRy19YvoZJ1Fse6nYhy-eoahrftcp9VnETBuxXhfVeZBxOEJQ=="}
{"name": "\u5bb6\u4e50\u798f\u54c8\u5c14\u6ee8", "url": "http://mp.weixin.qq.com/profile?src=3&timestamp=1502788411&ver=1&signature=jM0IP7HbnBCHX-5Aety4fHO*ldzSOjxoHTjMlXFlo1CJMzFyRArbsj1Z6oo1dP77CbylOfV-LRo6f6ZOuysSWg=="}
{"name": "\u76d0\u5c71\u53bf\u5343\u7ae5\u8d2d\u7269\u4e2d\u5fc3\u6709\u9650\u516c\u53f8", "url": "http://mp.weixin.qq.com/profile?src=3&timestamp=1502788418&ver=1&signature=qUm4n5nrnggVA7IpQ2aTB7YFGJaQ**Mn4C2*OV4rRTAmbrAVbWoozkiCZEQAmIEUZ0KU86KbzS4-6zAI3T*LPQ=="}
{"name": "\u62fc\u5355\u7fa4", "url": "http://mp.weixin.qq.com/profile?src=3&timestamp=1502788418&ver=1&signature=69oU*YYVlqHVluR*cH6mp2kran-xg6eZracqDkGtnVmxk59Q37jzoJnEUALFHz27Z0SWPuZySzHY8k-XPvJfNg=="}
{"name": "\u5e7f\u544a\u5708", "url": "http://mp.weixin.qq.com/profile?src=3&timestamp=1502788418&ver=1&signature=7Ev-WtZPfAgbF5tu6lI*URKOwqnaKyslb3AtzPhKDjM7mXrwIu0ue16Sgyw6oWJgjK3AQGWJDUzWstX8nV0oMg=="}
{"name": "\u5916\u5356\u5934\u6761", "url": "http://mp.weixin.qq.com/profile?src=3&timestamp=1502788418&ver=1&signature=VM5lZ2zeburbPnJGJhqej5AU0Z78crI-e7wZRmyR744rzhiNP3c3VlgJuUG3td5EZbHomi0Saivai2mN1jNP4A=="}
{"name": "\u771f\u771f\u5316\u5986\u54c1\u5b98\u65b9\u5e73\u53f0", "url": "http://mp.weixin.qq.com/profile?src=3&timestamp=1502788418&ver=1&signature=pKUV8N1o5eK6B9WpDCsIS*avbUHyB0wS3Jh9-X5bb9HtYTrLKUwkA00qDB4Sl8tn9IJCU7g4rprvqgK*xL3G7g=="}
{"name": "\u4e1c\u5174\u751f\u6d3b\u5708", "url": "http://mp.weixin.qq.com/profile?src=3&timestamp=1502788418&ver=1&signature=DQDXJ33fEg7vZ6UgmsXgPQZoxjSFDq31xC6RN39nYzT8FmcVWl2Hkyz48nUw*PXMbkHbR9ANnerQ2ncZgvuHXg=="}
{"name": "\u5bb6\u4e50\u798f\u54c8\u5c14\u6ee8", "url": "http://mp.weixin.qq.com/profile?src=3&timestamp=1502788418&ver=1&signature=jM0IP7HbnBCHX-5Aety4fHO*ldzSOjxoHTjMlXFlo1CJMzFyRArbsj1Z6oo1dP77kVKeFuVb6mMynU2Pi5x0WA=="}
{"name": "\u897f\u683c\u5988\u5988\u56e2\u8d2d", "url": "http://mp.weixin.qq.com/profile?src=3&timestamp=1502788418&ver=1&signature=p2ZAKBlLXDMM7wqSoKWYvgWGRYwxY6YXZmGLOJ*ypAh6Kk1ATsvjGEnUrGxtVbP8dBpVE23Rl3Gj4DSiMLQo-Q=="}
{"name": "\u5bb6\u4e50\u798f\u5927\u8fde", "url": "http://mp.weixin.qq.com/profile?src=3&timestamp=1502788418&ver=1&signature=iPSFOKd8xdj7zAEOAHFxbumLwgnHfl2Aq78mq9gFy*jhi58Om2rSuDBGQmcxld47mROAUgQCHHzOkMzbyEfuHQ=="}
{"name": "\u5bb6\u4e50\u798f\u54c8\u5c14\u6ee8", "url": "http://mp.weixin.qq.com/profile?src=3&timestamp=1502788418&ver=1&signature=jM0IP7HbnBCHX-5Aety4fHO*ldzSOjxoHTjMlXFlo1CJMzFyRArbsj1Z6oo1dP77kVKeFuVb6mMynU2Pi5x0WA=="}
{"name": "\u5bb6\u4e50\u798f\u5927\u8fde", "url": "http://mp.weixin.qq.com/profile?src=3&timestamp=1502788426&ver=1&signature=iPSFOKd8xdj7zAEOAHFxbumLwgnHfl2Aq78mq9gFy*jhi58Om2rSuDBGQmcxld47wBYpbYSlUUK3Yx8gde-qnQ=="}
{"name": "\u5b69\u5b50\u738b\u5b98\u65b9", "url": "http://mp.weixin.qq.com/profile?src=3&timestamp=1502788426&ver=1&signature=bNVjDvXIya*4LarmO5K1bgECo0qTV3ZXbGEwZ9D9PM2erFK--TA5WT0bC1xSsYIkgVYakZdoOvJhvMdQMYtPXA=="}
{"name": "\u5e7f\u5dde\u767e\u4e8b\u901a", "url": "http://mp.weixin.qq.com/profile?src=3&timestamp=1502788426&ver=1&signature=BpTMpaH0dpDS8vXmXhqBAX4Pk-otuzPBRyIyaERBsZtOHcPGqkc-xjcumIXEYdH8AGDgR8rsGmpcvZB-qOtxBw=="}
{"name": "\u5e7f\u5dde\u76ca\u8857\u574a", "url": "http://mp.weixin.qq.com/profile?src=3&timestamp=1502788426&ver=1&signature=OdCjstj568mSJBC9c4WruOPGN*t-VetmRIejTzESnGhwlnrsov5JXE9Xc7HIT22hK42QRZ6vx5HJq9qzQd0pDg=="}
{"name": "BBTO\u5154\u5b50\u4e4b\u5bb6", "url": "http://mp.weixin.qq.com/profile?src=3&timestamp=1502788426&ver=1&signature=bb4WLqcduxaROq-339dzjhdwg87royqEpcLdbQ2y2nacjyHcKuUK6kXnf9-*BVFIt*EVxHbfMmqcHB5dslUzLA=="}
{"name": "\u5e7f\u5dde\u5fae\u751f\u6d3b", "url": "http://mp.weixin.qq.com/profile?src=3&timestamp=1502788426&ver=1&signature=cDnSwdQKJHGZBj5tED4cOIRTPzxW8zBYYgREElgHrLc3jWWw0AjSonCuJ-43KFkWfnC149tPZEtbZHvOsQOkbA=="}
{"name": "\u5e7f\u5dde\u7b0b\u91ce", "url": "http://mp.weixin.qq.com/profile?src=3&timestamp=1502788426&ver=1&signature=38WyJ1F06FYf4Q44-ffqRIYnY7CS6ZXmKvpuNboVQ*Sx-lfQtKLxyh6T5OxPL5oJxejCuN3q8YsCEXzuGpvQ7Q=="}
{"name": "\u7f57\u6c38\u6d69", "url": "http://mp.weixin.qq.com/profile?src=3&timestamp=1502788426&ver=1&signature=QCEKXlryNBuFP7ybpRpF-npCGUT1p*izqFFXI7mX0Nvt2DdovADDIDrhTX*JBCUVxASS5w4cc1ns6sujW-6-2g=="}
{"name": "\u5e7f\u5dde\u5fae\u751f\u6d3b", "url": "http://mp.weixin.qq.com/profile?src=3&timestamp=1502788426&ver=1&signature=cDnSwdQKJHGZBj5tED4cOIRTPzxW8zBYYgREElgHrLc3jWWw0AjSonCuJ-43KFkWfnC149tPZEtbZHvOsQOkbA=="}
{"name": "\u5e7f\u4f5b\u6c7d\u8f66\u57ce", "url": "http://mp.weixin.qq.com/profile?src=3&timestamp=1502788426&ver=1&signature=xvnXvt7-bsKXvg*w02am1LAycQv80suJ8o69A*jM-A0r-HQWainFCxGRG6B5B8jQRlIrwBkwN-llsAtLKNH8oQ=="}
{"name": "\u661f\u5149\u6570\u7801", "url": "http://mp.weixin.qq.com/profile?src=3&timestamp=1502788433&ver=1&signature=EJTHNGRjMguMXLTq8RuC20PYdHihPl2eWDo4sl8v-w7vHaRJj0qeoR4zWkJCYnkUokkwffdX5TUJin0GM0GJog=="}
{"name": "\u5e7f\u5dde\u7b0b\u5622\u76ca\u8857\u574a", "url": "http://mp.weixin.qq.com/profile?src=3&timestamp=1502788433&ver=1&signature=FqwAVbmRYD038xZAZIiRNrkCaols7z-x5nrS1C97H6AiszD8rCW9DC4ums*jBuQshML2jFXEjZiw5MQTQA3Udg=="}
{"name": "\u6a0a\u767b\u8bfb\u4e66\u4f1a\u6210\u90fd\u751f\u6d3b\u5708", "url": "http://mp.weixin.qq.com/profile?src=3&timestamp=1502788433&ver=1&signature=sROZZHlfKC8clXREI7T7kvGAXZbpw29L7YZ51D*zi0PGgzKYFO6kQUd0jl07uxb0CzJiLms7J6AyiTgfkbOmfQ=="}
{"name": "5thAvenue", "url": "http://mp.weixin.qq.com/profile?src=3&timestamp=1502788433&ver=1&signature=HB0zoOOv-6dQL2CqoHvRhhefMxmciTg0JiL4uEKAmHS9rtfySbvwxtIPrsq5Jh0Y0uuy2X5FrF708i2Wk286BQ=="}
{"name": "\u89e6\u6478\u91cd\u5e86", "url": "http://mp.weixin.qq.com/profile?src=3&timestamp=1502788433&ver=1&signature=5Cq1pWA7WemIYnvE0bLY4FHG9Q76LBVzmQAXsqTkn7zApP05dGfEte7JF68h45iao3tSt0Uz1JCdmiX1xCAm8w=="}
{"name": "\u6781\u679c\u7f51", "url": "http://mp.weixin.qq.com/profile?src=3&timestamp=1502788433&ver=1&signature=ZoXEhQM60C4AbLVQh*m2ZB3ov54DefOU8f2mfWc8eutywhM9KCmFrw06DDl5dAvjI17BvZI-CMwjzzHY7C*zbA=="}
{"name": "\u5e7f\u5dde\u5fae\u751f\u6d3b", "url": "http://mp.weixin.qq.com/profile?src=3&timestamp=1502788433&ver=1&signature=cDnSwdQKJHGZBj5tED4cOIRTPzxW8zBYYgREElgHrLc3jWWw0AjSonCuJ-43KFkW-pORydjXqAz3YPaLQHyFDw=="}
{"name": "\u866b\u513f\u98de\u8fa3\u5988\u8d2d", "url": "http://mp.weixin.qq.com/profile?src=3&timestamp=1502788433&ver=1&signature=A6nVjVVg9l8mhMU8edSk3DZYPPleVwrXjm0-psdgSDzKKwKStMyBxQ8sw7QLtMxBy6rKVVIng6W6zet*oRlPjA=="}
{"name": "\u5e7f\u5dde\u7f8e\u98df\u653b\u7565", "url": "http://mp.weixin.qq.com/profile?src=3&timestamp=1502788433&ver=1&signature=xpb7DgmTSjoytRFSv-rhHgjF3TAZXo2xur2EmySPEIQNsdb3MWQwh7w2Jbc68n55SjCqzxJnMguBa0EONM3Yjg=="}
{"name": "\u5e7f\u5dde\u751f\u6d3b\u7f8e\u98df\u5708", "url": "http://mp.weixin.qq.com/profile?src=3&timestamp=1502788433&ver=1&signature=YMaiKzDz6dgPu03Ap5j*JxneeV51-rPyB-yJsLpGOGKrId3Pmifm7eDxJ8krBxHJQKsp5rmVMURwCJ9aMQKN1A=="}
{"name": "\u65af\u67ef\u8fbe\u5e7f\u7269\u9a8f\u8fbe", "url": "http://mp.weixin.qq.com/profile?src=3&timestamp=1502788439&ver=1&signature=vScre3-zAl7IbEPdUiXLb7vZf7ZBaZcqwIuNRclNWeIXG4RAWmkv9T6EomC0VdFT-UHbEB6R1*S-XcePQ9Qd0w=="}
{"name": "SuZhouUniversity\u521b\u7ba1\u529e", "url": "http://mp.weixin.qq.com/profile?src=3&timestamp=1502788439&ver=1&signature=9aO-sgO5VHHg5LM8CI1FNWtbTIIyLQ0jWJB4QHPuARSL7NNV4znZy1D5A5nEBJT0s9kEi8iMdPCbuW39*HhDMQ=="}
{"name": "\u5e7f\u5dde\u70ed\u95e8\u653b\u7565", "url": "http://mp.weixin.qq.com/profile?src=3&timestamp=1502788439&ver=1&signature=OdCjstj568mSJBC9c4WruOPGN*t-VetmRIejTzESnGhwlnrsov5JXE9Xc7HIT22hNkqJBHtcKbShvvYiPViyNg=="}
{"name": "\u5e38\u5dde\u5929\u5b81\u516c\u5b89\u5fae\u8b66\u52a1", "url": "http://mp.weixin.qq.com/profile?src=3&timestamp=1502788439&ver=1&signature=vdoDpE8nWNzjd2MHVxcBKR0xJegMuJ2M1ULFQ*avqWd6JJYWQASoxQJJDcLToOD1dsax8Z1fnV4Jd-Tcn6RZfw=="}
{"name": "\u65b0\u660c\u65f6\u4ee3\u5149\u534e", "url": "http://mp.weixin.qq.com/profile?src=3&timestamp=1502788439&ver=1&signature=HbzvllhsgfdSsvQLVlGjY*G1JRDks-gdYVnM8Tdv7A1GDf-cRbN-bsMad*k*ErLVrztQZ1OBwD-Y15aTJ0mvMQ=="}
{"name": "\u8001\u5e74\u6587\u6458", "url": "http://mp.weixin.qq.com/profile?src=3&timestamp=1502788439&ver=1&signature=9JfqEl-oAOuLqG7pIoaMWgjnQxhzPbVh*q10XstpG8UqhCT5N9MHABYaTneBzCKY-GXaTMYz9zDevfgHHk1Jig=="}
{"name": "\u4f9d\u4e0e\u827e\u96c6\u56e2", "url": "http://mp.weixin.qq.com/profile?src=3&timestamp=1502788439&ver=1&signature=-HDu9NoQ7sSSlKZCojDBOT-Pm3cl0bP*HgK8ceu*MaZIJT0sn2WP3I9YSmuKcTWj6Zu8wHjh66Oe2pRMub*D8A=="}
{"name": "\u9000\u4f11\u8005\u5b66\u5802", "url": "http://mp.weixin.qq.com/profile?src=3&timestamp=1502788439&ver=1&signature=aC-TOKbHkTo4t9aY9GRqrSnt3C9I5sOhUo6vnp44qRrz7VMDDYm1HwLElu27VdsUULkTAGmrXZeNTbZPq6gUNA=="}
{"name": "\u5e7f\u5dde\u597d\u7740\u6570", "url": "http://mp.weixin.qq.com/profile?src=3&timestamp=1502788439&ver=1&signature=kByzP8F9r9HvbW2St9*-sWh*KCvZYRf5GHk5EdTuBGWXvFV9WNBrjLFSmXK4zk6kdpsRfl9RbczsCpQIah3nQQ=="}
{"name": "\u4eca\u65e5\u9999\u6cb3", "url": "http://mp.weixin.qq.com/profile?src=3&timestamp=1502788439&ver=1&signature=-V24cyVfNkTmv7JkqB3xacKhUjHsfODNTzWjUmwNa-XYJn9CeAXSH39xal*286RCmiUfAOhlYsiNiswxua7eNA=="}
{"name": "\u5e7f\u5dde\u597d\u7740\u6570", "url": "http://mp.weixin.qq.com/profile?src=3&timestamp=1502788444&ver=1&signature=kByzP8F9r9HvbW2St9*-sWh*KCvZYRf5GHk5EdTuBGWXvFV9WNBrjLFSmXK4zk6k9a4TGAnIT1kL5A7YzgKusw=="}
{"name": "\u4eca\u65e5\u9999\u6cb3", "url": "http://mp.weixin.qq.com/profile?src=3&timestamp=1502788444&ver=1&signature=-V24cyVfNkTmv7JkqB3xacKhUjHsfODNTzWjUmwNa-XYJn9CeAXSH39xal*286RCrpCtlOmnSeiZ2zeOsS2Ngw=="}
{"name": "\u7535\u5f71\u96c6\u7ed3\u53f7", "url": "http://mp.weixin.qq.com/profile?src=3&timestamp=1502788444&ver=1&signature=h51TDINA1t7AKv5Iyup5G6UpJ*isl8JSmHXklMDOsbgy*4rHW7YRcJ*0cCPL8UZvk-4tyfXAJw*iS1o7zJLdGw=="}
{"name": "\u5317\u4eac\u5e02\u767e\u8d27\u5927\u697cNEWS", "url": "http://mp.weixin.qq.com/profile?src=3&timestamp=1502788444&ver=1&signature=Xpknb5osD2cPj7EA5ALW8GWnHK0n7DfP2YkUscWIVfNJeNs6euUS9Lu4SeYsDd9yAddpTTxOFGLPnWazhN6ryg=="}
{"name": "\u6781\u679c\u7f51", "url": "http://mp.weixin.qq.com/profile?src=3&timestamp=1502788444&ver=1&signature=ZoXEhQM60C4AbLVQh*m2ZB3ov54DefOU8f2mfWc8eutywhM9KCmFrw06DDl5dAvjDSr3m7mApGBaGX6z83cu2A=="}
{"name": "\u5e7f\u5dde\u5403\u559d\u73a9\u4e50", "url": "http://mp.weixin.qq.com/profile?src=3&timestamp=1502788444&ver=1&signature=ZlTXL8JOiNTQFIeJ16VCFR40HNT8oJvBHdg4dTF5-xkpdgVBQjvZDqfK8w-7S8NDTiaGlHALYlkRG0FmwQyIGg=="}
{"name": "\u8393\u517d\u664b\u6c5f", "url": "http://mp.weixin.qq.com/profile?src=3&timestamp=1502788444&ver=1&signature=ETiFc5SedBWaQ1WI7jSWZ7XAczGTLTcp61YMz6kIppVViYQ*dCtkzPq4cihLjKGFt2pfpladXjiaDGkvrFlRNA=="}
{"name": "\u9752\u5dde\u516c\u5b89\u53cd\u4fe1\u606f\u8bc8\u9a97\u4e2d\u5fc3", "url": "http://mp.weixin.qq.com/profile?src=3&timestamp=1502788444&ver=1&signature=e*bCviSdtStMWsN6-YZ2x6Pnk1kreXVKr533nsMFgZTLxz6R4fAql2JkkRHMBnav*cGPYwbRbUTG0MDJ*PYeLA=="}
{"name": "elaine\u82f1\u56fd\u4ee3\u8d2d", "url": "http://mp.weixin.qq.com/profile?src=3&timestamp=1502788444&ver=1&signature=leLxGsDEcSsRn2ZbmK4PqtLiSaytwfPi6NsXP3yLoqd4SrDrv6tPtGX*z-g2PdIhf9nDDAPcnF4eZ9rFK1z--w=="}
{"name": "\u5bb6\u4e50\u798f\u9c85\u9c7c\u5708", "url": "http://mp.weixin.qq.com/profile?src=3&timestamp=1502788444&ver=1&signature=Kk6zCRyX5GNuvitgyIJnn72zBRb5MRPQOiXr6SjmF2EjjbPXj-q1HJhovu2-UeC8XjQdtwwBdxd0XN0IF1oZOw=="}
{"name": "\u5c1a\u610f\u5916\u6a21", "url": "http://mp.weixin.qq.com/profile?src=3&timestamp=1502788452&ver=1&signature=hpoIzpE90EHi9iyimy2GtqiMV6sDgrWl8aBQrk06Nr3T4eavboVpb6ntiXEIM*P4n71xD9OohfsDnWDd*ZSWAg=="}
{"name": "\u5bb6\u4e50\u798f\u978d\u5c71", "url": "http://mp.weixin.qq.com/profile?src=3&timestamp=1502788452&ver=1&signature=Hn1N0oN*FNF-dpEcBiTtgh9Xfeo3ptTwiumvSxTqJiS0AKjiBkkUvnIdgbfuNpTw0vQzKSL0LFJKR7IGgEU*MA=="}
{"name": "\u8425\u9500\u89c6\u70b9", "url": "http://mp.weixin.qq.com/profile?src=3&timestamp=1502788452&ver=1&signature=BQK*zkLikIQd8RHPVHgtgWgWjK8rae5ybjySDWHi6tNH97n8hspcMDrsoZe2ZFh4pDHq4acbhNctduyHU585qQ=="}
{"name": "\u5e7f\u5dde\u5fae\u751f\u6d3b", "url": "http://mp.weixin.qq.com/profile?src=3&timestamp=1502788452&ver=1&signature=cDnSwdQKJHGZBj5tED4cOIRTPzxW8zBYYgREElgHrLc3jWWw0AjSonCuJ-43KFkWcbYryx0OyxRs60b6V2NNgg=="}
{"name": "\u5e7f\u5dde\u7b0b\u5622\u76ca\u8857\u574a", "url": "http://mp.weixin.qq.com/profile?src=3&timestamp=1502788452&ver=1&signature=FqwAVbmRYD038xZAZIiRNrkCaols7z-x5nrS1C97H6AiszD8rCW9DC4ums*jBuQsSNt7kC1o942dl0YUw5sJpQ=="}
{"name": "\u547c\u4f26\u8d1d\u5c14\u540c\u57ce", "url": "http://mp.weixin.qq.com/profile?src=3&timestamp=1502788452&ver=1&signature=ZDTAcQcx7S*CZdU4UrqCALvpptU4gz92levuBq8-z4ycv6bvIHoZ-3w5zbbVLHmiO2PbTyhKCatuu0p0DYzksw=="}
{"name": "\u5929\u575b\u5bb6\u5177", "url": "http://mp.weixin.qq.com/profile?src=3&timestamp=1502788452&ver=1&signature=9JaGmtuHJiThJzNf6LCUkOrRWO4xIUIrQ0STvKn-2sPU-EMbdrK6ywiPTOgTIy6pAmDve*l1R*E*W1m8MOFxMw=="}
{"name": "\u5fb7\u56fdBA\u4fdd\u9556\u836f\u623f", "url": "http://mp.weixin.qq.com/profile?src=3&timestamp=1502788452&ver=1&signature=BzUHFcrmWW6AdpxW5FjA8d83y7wdNdnfp2uIS9-3hhJnK6Mj9viYnT*0B8W9r-elQtQuI1oCo4W8rEC4kYRpSw=="}
{"name": "\u795e\u6728\u8bba\u575b", "url": "http://mp.weixin.qq.com/profile?src=3&timestamp=1502788452&ver=1&signature=UaIOspxZzAGmksOm1urMFUcNc8a2z00HqgDKB4fd4Q34Vo4NFsKST2r2-S7MWeN9SNkq1VsNpueW8vfGarig-w=="}
{"name": "\u7f8e\u56e2\u5916\u5356\u57ce\u5e02\u4ee3\u7406", "url": "http://mp.weixin.qq.com/profile?src=3&timestamp=1502788452&ver=1&signature=f7HKSX7tJKuih*MHGmOZxXrfh65nRTS9rKPFHHeuRkkvhOyO*yx6wDuhIAQs1JxsOl-Rz*n9j79T0V-T6tTNkw=="}
{"name": "\u5fb7\u767e\u5bb6\u7535VIP", "url": "http://mp.weixin.qq.com/profile?src=3&timestamp=1502788458&ver=1&signature=HfA7H0zvWWmT75sBmKcvvJ-pErz5WomW2YrfQRdtSSBKRsxyfFj1iyXFoAz*dH2Q1M1MoE60uVCMMG1hE58*Vg=="}
{"name": "\u5fb7\u767e\u8d85\u5e02", "url": "http://mp.weixin.qq.com/profile?src=3&timestamp=1502788458&ver=1&signature=QpzGu1yQez7EwWTeNkHP9qCVJifxIWMLzre4thdXXZB9AhQeVp7tyKm4sFz3Zq7c9jhpIEe16Id0H8XOeARtvw=="}
{"name": "\u5929\u575b\u5bb6\u5177", "url": "http://mp.weixin.qq.com/profile?src=3&timestamp=1502788458&ver=1&signature=9JaGmtuHJiThJzNf6LCUkOrRWO4xIUIrQ0STvKn-2sPU-EMbdrK6ywiPTOgTIy6pkHMqihOyRm9hHXMTssVQ2w=="}
{"name": "\u5929\u575b\u5bb6\u5177", "url": "http://mp.weixin.qq.com/profile?src=3&timestamp=1502788458&ver=1&signature=9JaGmtuHJiThJzNf6LCUkOrRWO4xIUIrQ0STvKn-2sPU-EMbdrK6ywiPTOgTIy6pkHMqihOyRm9hHXMTssVQ2w=="}
{"name": "\u5929\u6d25\u6d77\u4fe1\u5e7f\u573a", "url": "http://mp.weixin.qq.com/profile?src=3&timestamp=1502788458&ver=1&signature=OtQJdh*YeMvQHqn*t4fwP17aIC7WIlm0E2wBtOf4DJcY2oXa3cCbVO81BnEj8nfc8lq-LVQ4gRy6NFGnL1mGtg=="}
{"name": "\u5bb6\u4e50\u798f\u54c8\u5c14\u6ee8", "url": "http://mp.weixin.qq.com/profile?src=3&timestamp=1502788458&ver=1&signature=jM0IP7HbnBCHX-5Aety4fHO*ldzSOjxoHTjMlXFlo1CJMzFyRArbsj1Z6oo1dP779TtSXgk6KTckTK2BMkavEw=="}
{"name": "\u6df1\u5ea6\u6f84\u6d77", "url": "http://mp.weixin.qq.com/profile?src=3&timestamp=1502788458&ver=1&signature=p9kNtKAur3qwm65JVGyxuSwj135O0zTXFZxoqw*pPFNMkf4MHFV5IMC4raVgvIDl6Awfl17b7fAt2FEqI6sj-w=="}
{"name": "\u5bb6\u4e50\u798f\u54c8\u5c14\u6ee8", "url": "http://mp.weixin.qq.com/profile?src=3&timestamp=1502788458&ver=1&signature=jM0IP7HbnBCHX-5Aety4fHO*ldzSOjxoHTjMlXFlo1CJMzFyRArbsj1Z6oo1dP779TtSXgk6KTckTK2BMkavEw=="}
{"name": "\u5e7f\u5dde\u4e1c\u767e", "url": "http://mp.weixin.qq.com/profile?src=3&timestamp=1502788458&ver=1&signature=H8erLML40sCLUZyIyNeVwYsWxSbnqntihKXgE8Y6Bg7JDKEvf6Ekup3wio9m1rr6vyFGjgyv7L1J*wtGK3EyoA=="}
{"name": "\u5f20\u5bb6\u53e3\u5e02\u4e0b\u82b1\u56ed\u533a\u65b0\u56ed\u767e\u8d27\u6709\u9650\u516c\u53f8", "url": "http://mp.weixin.qq.com/profile?src=3&timestamp=1502788458&ver=1&signature=ojk*fuuW16SGqxvyekiRzJNwxHbavP8IzrXeyxg5nFppVSp3-rmIj7zePJTwmuYOX5HNW7PLqPIv4WJ7oTAxHA=="}
{"name": "\u5bb6\u4e50\u798f\u5927\u8fde", "url": "http://mp.weixin.qq.com/profile?src=3&timestamp=1502788464&ver=1&signature=iPSFOKd8xdj7zAEOAHFxbumLwgnHfl2Aq78mq9gFy*jhi58Om2rSuDBGQmcxld47K4eUiA7yKYWmaVZk5uy46Q=="}
{"name": "\u897f\u683c\u5988\u5988\u56e2\u8d2d", "url": "http://mp.weixin.qq.com/profile?src=3&timestamp=1502788464&ver=1&signature=p2ZAKBlLXDMM7wqSoKWYvgWGRYwxY6YXZmGLOJ*ypAh6Kk1ATsvjGEnUrGxtVbP8Ue7DYQSrPR9rjGgHf*wreg=="}
{"name": "\u5e7f\u5dde\u70ed\u95e8\u653b\u7565", "url": "http://mp.weixin.qq.com/profile?src=3&timestamp=1502788464&ver=1&signature=OdCjstj568mSJBC9c4WruOPGN*t-VetmRIejTzESnGhwlnrsov5JXE9Xc7HIT22hD3x4PTTwrJCv5nQy*pRBxA=="}
{"name": "\u5e7f\u5dde\u7f8e\u98df\u653b\u7565", "url": "http://mp.weixin.qq.com/profile?src=3&timestamp=1502788464&ver=1&signature=xpb7DgmTSjoytRFSv-rhHgjF3TAZXo2xur2EmySPEIQNsdb3MWQwh7w2Jbc68n55AtnknBQCJ*Y4A4NjpB4-fw=="}
{"name": "\u4e34\u4e91\u884c", "url": "http://mp.weixin.qq.com/profile?src=3&timestamp=1502788464&ver=1&signature=y9Dy2HDZLNKQ8-K-FcfSRjbCHTtyziz3Px4Fn-R33qG3-26kxo*fGq*EXr3*O7NBfXdRy70XwwsjXq-LBzQNYw=="}
{"name": "\u590f\u6d25\u5fb7\u767e", "url": "http://mp.weixin.qq.com/profile?src=3&timestamp=1502788464&ver=1&signature=FrKwkP6CSCxQAos*31LvQUo7PAXyrbs31P87sK6N8h2M8k5WYa6KSUGzYE*L8Pmbf7YFKmBTEgmEgCCK8eVJ5Q=="}
{"name": "\u4e9a\u9a6c\u900aSHOPBOP", "url": "http://mp.weixin.qq.com/profile?src=3&timestamp=1502788464&ver=1&signature=aMlqvLsMNSSohHpFZkU2zjVQZPx*peZOY26R-uvGOwSDOyqQLO4BjTxRpQKac22q2VxP1PKa3d1QGNVb3raTCw=="}
{"name": "\u5bb6\u4e50\u798f\u5927\u8fde", "url": "http://mp.weixin.qq.com/profile?src=3&timestamp=1502788464&ver=1&signature=iPSFOKd8xdj7zAEOAHFxbumLwgnHfl2Aq78mq9gFy*jhi58Om2rSuDBGQmcxld47K4eUiA7yKYWmaVZk5uy46Q=="}
{"name": "\u73b0\u4ee3\u5987\u5a74\u533b\u9662", "url": "http://mp.weixin.qq.com/profile?src=3&timestamp=1502788464&ver=1&signature=XC*hw4akvJYd9D*3jG4ywPs4cFnOmDvUM9rVr6zGKfPZa-FDf1APNYIcn60uHtU9jaeRybqxqsJ88Y2XcXjb7w=="}
{"name": "\u6c47\u5fb7\u9686\u5bb6\u7535", "url": "http://mp.weixin.qq.com/profile?src=3&timestamp=1502788464&ver=1&signature=kBqQMsS9*GSmlCPmCozSncICZEedSEkYT*g3wl*9sLf8u7Jswk8Ncim3YUbLGa96o-sb16Rd10HpTbVAmlKBLQ=="}
{"name": "\u597d\u591a\u5e7f\u5dde\u4eba\u90fd\u5514\u77e5\u5605\u91ce", "url": "http://mp.weixin.qq.com/profile?src=3&timestamp=1502788469&ver=1&signature=vVWaKIQPwiLkdRuxYh8lxaQ2nXtGLHRztMIR3cgVM27XKLuK7*6suO8qzeuV9p8VrX7xMsUAneJIx57l5Lqt3w=="}
{"name": "\u5929\u575b\u5bb6\u5177", "url": "http://mp.weixin.qq.com/profile?src=3&timestamp=1502788469&ver=1&signature=9JaGmtuHJiThJzNf6LCUkOrRWO4xIUIrQ0STvKn-2sPU-EMbdrK6ywiPTOgTIy6prN7xOPvVvBNwdRsDYu4rhw=="}
{"name": "\u9f99\u5f52\u91d1\u94c2\u5e7f\u573a", "url": "http://mp.weixin.qq.com/profile?src=3&timestamp=1502788469&ver=1&signature=9jvRWoakdC6rAZ3FiByRPs8p1Ld5bIXnKsQc*AMXVN5icOhQLBLKVkwhvwi0kYCLZ3lGcmGUpyZ5c1OekUQ7Ow=="}
{"name": "\u5e7f\u5dde\u751f\u6d3b\u7f8e\u98df\u5708", "url": "http://mp.weixin.qq.com/profile?src=3&timestamp=1502788469&ver=1&signature=YMaiKzDz6dgPu03Ap5j*JxneeV51-rPyB-yJsLpGOGKrId3Pmifm7eDxJ8krBxHJmMtazbjqOmKXU8dKtviBEQ=="}
{"name": "\u4e9a\u9a6c\u900a\u5168\u7403\u5ba2\u670d", "url": "http://mp.weixin.qq.com/profile?src=3&timestamp=1502788469&ver=1&signature=DL0sOg5Z1CoJfjCLx0*GQpL4fAhqrzPng91sK6vGnPAxD6pJJ2J4u1sYdX7bx-XOO4-6WRYcHa4964NdZiB7pA=="}
{"name": "\u78b0\u78b0\u51c9", "url": "http://mp.weixin.qq.com/profile?src=3&timestamp=1502788469&ver=1&signature=UrJHi*9-GLWp73wpQaCWosD7NsYkbVl48wwDnoXKPA*4rdoJoywRVHCkQ0ius4GOIW79WkGUHvtPcRLyMSGaWQ=="}
{"name": "\u5e7f\u5dde\u4e1c\u767e", "url": "http://mp.weixin.qq.com/profile?src=3&timestamp=1502788469&ver=1&signature=H8erLML40sCLUZyIyNeVwYsWxSbnqntihKXgE8Y6Bg7JDKEvf6Ekup3wio9m1rr6glSbvjUbCngYQUgpqnzwUw=="}
{"name": "\u5929\u6d25\u7f8e\u98df\u63a2\u5e97", "url": "http://mp.weixin.qq.com/profile?src=3&timestamp=1502788469&ver=1&signature=SQOKiBpA1ozWRMaaQXkIpihQ8sUSqta7knqB2F41l33USHmU665mnN8*ogClqaxzpDXNdnGCHTambwFpXLIdxA=="}
{"name": "\u5e7f\u5dde\u751f\u6d3b\u7f8e\u98df\u5708", "url": "http://mp.weixin.qq.com/profile?src=3&timestamp=1502788469&ver=1&signature=YMaiKzDz6dgPu03Ap5j*JxneeV51-rPyB-yJsLpGOGKrId3Pmifm7eDxJ8krBxHJmMtazbjqOmKXU8dKtviBEQ=="}
{"name": "\u5929\u575b\u5bb6\u5177", "url": "http://mp.weixin.qq.com/profile?src=3&timestamp=1502788469&ver=1&signature=9JaGmtuHJiThJzNf6LCUkOrRWO4xIUIrQ0STvKn-2sPU-EMbdrK6ywiPTOgTIy6prN7xOPvVvBNwdRsDYu4rhw=="}
